Time,Ambient_Temp,Ambient_RH
2025-01-01 1:00,-3.3,62
2025-01-01 2:00,-3.5,64
2025-01-01 3:00,-3.6,66
2025-01-01 4:00,-3.7,67
2025-01-01 5:00,-3.6,69
2025-01-01 6:00,-2.5,68
2025-01-01 7:00,-1.9,68
2025-01-01 8:00,-1.7,68
2025-01-01 9:00,-1.1,68
2025-01-01 10:00,-0.5,66
2025-01-01 11:00,0,60
2025-01-01 12:00,2.5,55
2025-01-01 13:00,4.6,51
2025-01-01 14:00,3.5,54
2025-01-01 15:00,4.3,52
2025-01-01 16:00,3.4,50
2025-01-01 17:00,0.4,53
2025-01-01 18:00,-0.2,59
2025-01-01 19:00,-0.2,64
2025-01-01 20:00,-0.3,73
2025-01-01 21:00,-0.4,74
2025-01-01 22:00,-0.5,72
2025-01-01 23:00,-0.7,71
2025-01-02 0:00,-0.9,72
2025-01-02 1:00,-1.3,74
2025-01-02 2:00,-1.9,75
2025-01-02 3:00,-2.4,70
2025-01-02 4:00,-2.9,72
2025-01-02 5:00,-3.4,73
2025-01-02 6:00,-3.8,74
2025-01-02 7:00,-4,74
2025-01-02 8:00,-4.1,67
2025-01-02 9:00,-2.8,66
2025-01-02 10:00,-1,56
2025-01-02 11:00,-0.3,41
2025-01-02 12:00,1.5,39
2025-01-02 13:00,4.1,29
2025-01-02 14:00,5.2,25
2025-01-02 15:00,3.8,27
2025-01-02 16:00,0.7,26
2025-01-02 17:00,-0.2,28
2025-01-02 18:00,-0.3,31
2025-01-02 19:00,-0.6,32
2025-01-02 20:00,-1,34
2025-01-02 21:00,-1.5,37
2025-01-02 22:00,-2.2,40
2025-01-02 23:00,-2.8,45
2025-01-03 0:00,-3.5,46
2025-01-03 1:00,-4.1,48
2025-01-03 2:00,-4.6,49
2025-01-03 3:00,-4.9,49
2025-01-03 4:00,-5.2,51
2025-01-03 5:00,-5.5,52
2025-01-03 6:00,-5.7,55
2025-01-03 7:00,-5.8,57
2025-01-03 8:00,-5.7,54
2025-01-03 9:00,-4.9,50
2025-01-03 10:00,-1.7,40
2025-01-03 11:00,-0.3,36
2025-01-03 12:00,1.2,30
2025-01-03 13:00,3.3,29
2025-01-03 14:00,3.5,34
2025-01-03 15:00,1.2,38
2025-01-03 16:00,1,39
2025-01-03 17:00,-0.2,44
2025-01-03 18:00,-0.3,63
2025-01-03 19:00,-0.4,67
2025-01-03 20:00,-0.6,66
2025-01-03 21:00,-0.5,70
2025-01-03 22:00,-0.8,71
2025-01-03 23:00,-1.6,70
2025-01-04 0:00,-2.5,61
2025-01-04 1:00,-3,58
2025-01-04 2:00,-3.9,58
2025-01-04 3:00,-4.4,61
2025-01-04 4:00,-5,62
2025-01-04 5:00,-5.3,59
2025-01-04 6:00,-5.6,60
2025-01-04 7:00,-5.8,63
2025-01-04 8:00,-5.8,61
2025-01-04 9:00,-4.8,66
2025-01-04 10:00,-1.5,63
2025-01-04 11:00,-0.1,47
2025-01-04 12:00,2.5,41
2025-01-04 13:00,5.7,31
2025-01-04 14:00,6.3,29
2025-01-04 15:00,4.1,26
2025-01-04 16:00,0.8,29
2025-01-04 17:00,-0.2,36
2025-01-04 18:00,-0.2,39
2025-01-04 19:00,-0.3,38
2025-01-04 20:00,-0.6,45
2025-01-04 21:00,-1,48
2025-01-04 22:00,-1.5,50
2025-01-04 23:00,-2,52
2025-01-05 0:00,-1.8,56
2025-01-05 1:00,-2.6,57
2025-01-05 2:00,-2.4,60
2025-01-05 3:00,-1.4,61
2025-01-05 4:00,-1.3,62
2025-01-05 5:00,-1.3,60
2025-01-05 6:00,-1,72
2025-01-05 7:00,-1,87
2025-01-05 8:00,-0.8,91
2025-01-05 9:00,-0.8,92
2025-01-05 10:00,-0.7,93
2025-01-05 11:00,-0.6,94
2025-01-05 12:00,-0.5,93
2025-01-05 13:00,-0.5,93
2025-01-05 14:00,-0.5,93
2025-01-05 15:00,-0.4,91
2025-01-05 16:00,-0.4,91
2025-01-05 17:00,-0.4,90
2025-01-05 18:00,-0.4,90
2025-01-05 19:00,-0.4,90
2025-01-05 20:00,-0.4,90
2025-01-05 21:00,-0.2,90
2025-01-05 22:00,-0.2,90
2025-01-05 23:00,-0.2,90
2025-01-06 0:00,-0.2,91
2025-01-06 1:00,-0.2,90
2025-01-06 2:00,-0.2,94
2025-01-06 3:00,-0.2,92
2025-01-06 4:00,-0.2,93
2025-01-06 5:00,-0.2,94
2025-01-06 6:00,-0.2,95
2025-01-06 7:00,-0.2,94
2025-01-06 8:00,-0.2,94
2025-01-06 9:00,-0.2,95
2025-01-06 10:00,-0.2,92
2025-01-06 11:00,-0.2,85
2025-01-06 12:00,-0.2,73
2025-01-06 13:00,-0.2,68
2025-01-06 14:00,0.2,65
2025-01-06 15:00,0.2,64
2025-01-06 16:00,-0.2,62
2025-01-06 17:00,-0.2,65
2025-01-06 18:00,-0.2,66
2025-01-06 19:00,-0.6,65
2025-01-06 20:00,-0.9,64
2025-01-06 21:00,-1.1,59
2025-01-06 22:00,-1.5,57
2025-01-06 23:00,-1.6,61
2025-01-07 0:00,-1.8,61
2025-01-07 1:00,-2.3,55
2025-01-07 2:00,-2.7,50
2025-01-07 3:00,-3,51
2025-01-07 4:00,-3.3,53
2025-01-07 5:00,-3.5,53
2025-01-07 6:00,-3.8,55
2025-01-07 7:00,-4,54
2025-01-07 8:00,-4.1,56
2025-01-07 9:00,-3.5,55
2025-01-07 10:00,-1.1,46
2025-01-07 11:00,-0.3,41
2025-01-07 12:00,0.3,38
2025-01-07 13:00,1.8,40
2025-01-07 14:00,2,45
2025-01-07 15:00,0.5,51
2025-01-07 16:00,-0.2,52
2025-01-07 17:00,-0.2,57
2025-01-07 18:00,-0.3,66
2025-01-07 19:00,-0.4,69
2025-01-07 20:00,-0.6,69
2025-01-07 21:00,-0.9,53
2025-01-07 22:00,-1.3,56
2025-01-07 23:00,-2.1,58
2025-01-08 0:00,-2.9,59
2025-01-08 1:00,-3.3,63
2025-01-08 2:00,-3.6,65
2025-01-08 3:00,-3,66
2025-01-08 4:00,-3.7,67
2025-01-08 5:00,-4.1,67
2025-01-08 6:00,-4.3,65
2025-01-08 7:00,-4.3,62
2025-01-08 8:00,-4.2,63
2025-01-08 9:00,-2.5,53
2025-01-08 10:00,-1.4,49
2025-01-08 11:00,-0.5,44
2025-01-08 12:00,0,46
2025-01-08 13:00,0.6,44
2025-01-08 14:00,0.6,44
2025-01-08 15:00,0,45
2025-01-08 16:00,-0.3,44
2025-01-08 17:00,-0.4,42
2025-01-08 18:00,-1,45
2025-01-08 19:00,-1.7,51
2025-01-08 20:00,-3,57
2025-01-08 21:00,-4.1,56
2025-01-08 22:00,-4.6,57
2025-01-08 23:00,-4,59
2025-01-09 0:00,-4,65
2025-01-09 1:00,-5.5,51
2025-01-09 2:00,-5.8,49
2025-01-09 3:00,-6.3,39
2025-01-09 4:00,-6.6,35
2025-01-09 5:00,-6.7,36
2025-01-09 6:00,-6.9,37
2025-01-09 7:00,-7,39
2025-01-09 8:00,-7.2,41
2025-01-09 9:00,-6.9,42
2025-01-09 10:00,-4.1,40
2025-01-09 11:00,-2,39
2025-01-09 12:00,-0.7,34
2025-01-09 13:00,-0.4,36
2025-01-09 14:00,-0.3,33
2025-01-09 15:00,-0.6,33
2025-01-09 16:00,-2.5,34
2025-01-09 17:00,-4.2,37
2025-01-09 18:00,-6.3,35
2025-01-09 19:00,-7,39
2025-01-09 20:00,-7.2,40
2025-01-09 21:00,-7.4,42
2025-01-09 22:00,-7.5,42
2025-01-09 23:00,-7.6,43
2025-01-10 0:00,-7.6,45
2025-01-10 1:00,-7.6,45
2025-01-10 2:00,-7.7,46
2025-01-10 3:00,-7.7,47
2025-01-10 4:00,-7.8,49
2025-01-10 5:00,-7.9,49
2025-01-10 6:00,-8,49
2025-01-10 7:00,-8,52
2025-01-10 8:00,-7.9,52
2025-01-10 9:00,-7.2,50
2025-01-10 10:00,-3.7,48
2025-01-10 11:00,-1.4,46
2025-01-10 12:00,-0.1,44
2025-01-10 13:00,1.2,42
2025-01-10 14:00,2.4,38
2025-01-10 15:00,1,36
2025-01-10 16:00,-0.3,36
2025-01-10 17:00,-0.7,42
2025-01-10 18:00,-2.2,45
2025-01-10 19:00,-3.9,47
2025-01-10 20:00,-4.9,50
2025-01-10 21:00,-5.3,54
2025-01-10 22:00,-5,56
2025-01-10 23:00,-5,59
2025-01-11 0:00,-5,59
2025-01-11 1:00,-5.5,63
2025-01-11 2:00,-6.2,64
2025-01-11 3:00,-6.6,66
2025-01-11 4:00,-6.8,67
2025-01-11 5:00,-7,71
2025-01-11 6:00,-7.2,72
2025-01-11 7:00,-7.3,72
2025-01-11 8:00,-7.4,73
2025-01-11 9:00,-6.6,71
2025-01-11 10:00,-3.1,62
2025-01-11 11:00,-1,55
2025-01-11 12:00,0.9,51
2025-01-11 13:00,3,45
2025-01-11 14:00,3.1,39
2025-01-11 15:00,1.6,37
2025-01-11 16:00,-0.3,38
2025-01-11 17:00,-0.4,40
2025-01-11 18:00,-1.4,45
2025-01-11 19:00,-2.7,53
2025-01-11 20:00,-4.1,56
2025-01-11 21:00,-4.9,55
2025-01-11 22:00,-5.4,57
2025-01-11 23:00,-5.8,61
2025-01-12 0:00,-6,62
2025-01-12 1:00,-6.2,61
2025-01-12 2:00,-6.5,65
2025-01-12 3:00,-6.6,67
2025-01-12 4:00,-6.8,68
2025-01-12 5:00,-7.1,70
2025-01-12 6:00,-7.2,72
2025-01-12 7:00,-7.3,73
2025-01-12 8:00,-7.3,75
2025-01-12 9:00,-6.2,74
2025-01-12 10:00,-3.3,68
2025-01-12 11:00,-0.8,59
2025-01-12 12:00,1.4,51
2025-01-12 13:00,3.5,41
2025-01-12 14:00,3.9,38
2025-01-12 15:00,0.8,42
2025-01-12 16:00,0,43
2025-01-12 17:00,-0.3,45
2025-01-12 18:00,-0.6,50
2025-01-12 19:00,-1.5,53
2025-01-12 20:00,-2.7,54
2025-01-12 21:00,-4,59
2025-01-12 22:00,-4.7,64
2025-01-12 23:00,-5.1,65
2025-01-13 0:00,-5.3,64
2025-01-13 1:00,-5.7,67
2025-01-13 2:00,-6,68
2025-01-13 3:00,-6.2,70
2025-01-13 4:00,-6.3,73
2025-01-13 5:00,-6.3,75
2025-01-13 6:00,-6.1,76
2025-01-13 7:00,-5,77
2025-01-13 8:00,-4,74
2025-01-13 9:00,-3.1,74
2025-01-13 10:00,-1.3,73
2025-01-13 11:00,-0.4,67
2025-01-13 12:00,2.2,60
2025-01-13 13:00,2.9,58
2025-01-13 14:00,2.5,59
2025-01-13 15:00,1.2,62
2025-01-13 16:00,0.2,71
2025-01-13 17:00,-0.2,87
2025-01-13 18:00,-0.2,89
2025-01-13 19:00,-0.2,91
2025-01-13 20:00,-0.2,92
2025-01-13 21:00,-0.2,91
2025-01-13 22:00,-0.2,90
2025-01-13 23:00,-0.2,91
2025-01-14 0:00,-0.3,93
2025-01-14 1:00,-0.3,93
2025-01-14 2:00,-0.3,92
2025-01-14 3:00,-0.3,92
2025-01-14 4:00,-0.3,93
2025-01-14 5:00,-0.3,91
2025-01-14 6:00,-0.3,93
2025-01-14 7:00,-0.6,93
2025-01-14 8:00,-0.9,94
2025-01-14 9:00,-0.5,97
2025-01-14 10:00,-0.4,97
2025-01-14 11:00,-0.2,96
2025-01-14 12:00,4.5,89
2025-01-14 13:00,4.2,71
2025-01-14 14:00,3.5,64
2025-01-14 15:00,2.9,51
2025-01-14 16:00,1.2,48
2025-01-14 17:00,0,51
2025-01-14 18:00,-0.5,55
2025-01-14 19:00,-0.2,51
2025-01-14 20:00,-0.2,51
2025-01-14 21:00,-0.3,49
2025-01-14 22:00,-0.7,42
2025-01-14 23:00,-1.1,48
2025-01-15 0:00,-1.4,50
2025-01-15 1:00,-1.8,53
2025-01-15 2:00,-2.5,55
2025-01-15 3:00,-3.2,56
2025-01-15 4:00,-4,50
2025-01-15 5:00,-4.5,50
2025-01-15 6:00,-5,51
2025-01-15 7:00,-5.3,50
2025-01-15 8:00,-5.6,49
2025-01-15 9:00,-4.9,45
2025-01-15 10:00,-2.1,34
2025-01-15 11:00,-0.6,33
2025-01-15 12:00,0.4,28
2025-01-15 13:00,1.5,28
2025-01-15 14:00,2.5,25
2025-01-15 15:00,2.2,25
2025-01-15 16:00,-0.2,25
2025-01-15 17:00,-0.4,28
2025-01-15 18:00,-1.2,34
2025-01-15 19:00,-1.7,40
2025-01-15 20:00,-3,41
2025-01-15 21:00,-4.2,39
2025-01-15 22:00,-4.9,42
2025-01-15 23:00,-4.9,47
2025-01-16 0:00,-4.2,48
2025-01-16 1:00,-3.6,48
2025-01-16 2:00,-3.4,50
2025-01-16 3:00,-3.3,52
2025-01-16 4:00,-3.2,54
2025-01-16 5:00,-3.2,50
2025-01-16 6:00,-3.1,50
2025-01-16 7:00,-3,53
2025-01-16 8:00,-2.8,55
2025-01-16 9:00,-2.5,56
2025-01-16 10:00,-1.8,57
2025-01-16 11:00,-1,58
2025-01-16 12:00,-0.5,69
2025-01-16 13:00,-0.3,68
2025-01-16 14:00,-0.1,64
2025-01-16 15:00,-0.2,63
2025-01-16 16:00,-0.2,69
2025-01-16 17:00,-0.3,72
2025-01-16 18:00,-0.3,74
2025-01-16 19:00,-0.3,74
2025-01-16 20:00,-0.3,77
2025-01-16 21:00,-0.8,81
2025-01-16 22:00,-1.5,73
2025-01-16 23:00,-2.4,75
2025-01-17 0:00,-3.1,76
2025-01-17 1:00,-3.7,75
2025-01-17 2:00,-4.2,74
2025-01-17 3:00,-4.6,78
2025-01-17 4:00,-4.9,77
2025-01-17 5:00,-5.1,74
2025-01-17 6:00,-5.3,77
2025-01-17 7:00,-5.5,79
2025-01-17 8:00,-5.4,82
2025-01-17 9:00,-4.4,85
2025-01-17 10:00,-1.6,78
2025-01-17 11:00,0.5,67
2025-01-17 12:00,3.3,63
2025-01-17 13:00,6.4,53
2025-01-17 14:00,7,47
2025-01-17 15:00,5.9,40
2025-01-17 16:00,1.3,36
2025-01-17 17:00,-0.2,33
2025-01-17 18:00,-0.3,38
2025-01-17 19:00,-0.7,47
2025-01-17 20:00,-0.9,51
2025-01-17 21:00,-1.2,56
2025-01-17 22:00,-1.8,59
2025-01-17 23:00,-2.6,61
2025-01-18 0:00,-3.4,62
2025-01-18 1:00,-4,63
2025-01-18 2:00,-4.5,65
2025-01-18 3:00,-4.8,62
2025-01-18 4:00,-5.1,65
2025-01-18 5:00,-5.3,68
2025-01-18 6:00,-5.5,69
2025-01-18 7:00,-5.7,69
2025-01-18 8:00,-5.7,71
2025-01-18 9:00,-4.6,69
2025-01-18 10:00,-1.2,62
2025-01-18 11:00,0.3,52
2025-01-18 12:00,3.8,44
2025-01-18 13:00,7.1,38
2025-01-18 14:00,6.3,30
2025-01-18 15:00,4.3,30
2025-01-18 16:00,2.4,31
2025-01-18 17:00,-0.3,32
2025-01-18 18:00,-0.4,40
2025-01-18 19:00,-0.5,45
2025-01-18 20:00,-0.8,51
2025-01-18 21:00,-1.1,55
2025-01-18 22:00,-1.3,61
2025-01-18 23:00,-1.9,64
2025-01-19 0:00,-2.6,64
2025-01-19 1:00,-3.3,62
2025-01-19 2:00,-2.9,65
2025-01-19 3:00,-2.2,66
2025-01-19 4:00,-1.8,63
2025-01-19 5:00,-1.7,57
2025-01-19 6:00,-1.7,57
2025-01-19 7:00,-2.1,59
2025-01-19 8:00,-1.6,60
2025-01-19 9:00,-1.3,62
2025-01-19 10:00,-0.7,61
2025-01-19 11:00,-0.4,57
2025-01-19 12:00,2.3,52
2025-01-19 13:00,7.5,49
2025-01-19 14:00,6,50
2025-01-19 15:00,6,55
2025-01-19 16:00,2.6,59
2025-01-19 17:00,1.4,63
2025-01-19 18:00,-0.3,68
2025-01-19 19:00,-0.4,73
2025-01-19 20:00,-0.4,75
2025-01-19 21:00,-0.4,78
2025-01-19 22:00,-0.4,81
2025-01-19 23:00,-0.4,83
2025-01-20 0:00,-0.4,82
2025-01-20 1:00,-0.5,82
2025-01-20 2:00,-0.5,83
2025-01-20 3:00,-0.5,82
2025-01-20 4:00,-0.4,82
2025-01-20 5:00,-0.4,80
2025-01-20 6:00,-0.4,80
2025-01-20 7:00,-0.4,81
2025-01-20 8:00,-0.4,82
2025-01-20 9:00,-0.4,82
2025-01-20 10:00,-0.4,77
2025-01-20 11:00,2.1,77
2025-01-20 12:00,3.8,69
2025-01-20 13:00,6.6,65
2025-01-20 14:00,7,58
2025-01-20 15:00,5.6,55
2025-01-20 16:00,3.7,52
2025-01-20 17:00,0.5,54
2025-01-20 18:00,-0.4,61
2025-01-20 19:00,-0.4,66
2025-01-20 20:00,-0.5,70
2025-01-20 21:00,-0.6,74
2025-01-20 22:00,-0.7,76
2025-01-20 23:00,-0.8,79
2025-01-21 0:00,-0.9,82
2025-01-21 1:00,-1,83
2025-01-21 2:00,-1.1,83
2025-01-21 3:00,-1.2,85
2025-01-21 4:00,-1.3,86
2025-01-21 5:00,-1.5,87
2025-01-21 6:00,-1.8,88
2025-01-21 7:00,-2.1,89
2025-01-21 8:00,-2.3,90
2025-01-21 9:00,-1.3,90
2025-01-21 10:00,-0.6,87
2025-01-21 11:00,0,81
2025-01-21 12:00,1.7,77
2025-01-21 13:00,3.6,74
2025-01-21 14:00,5.4,67
2025-01-21 15:00,4.4,65
2025-01-21 16:00,2.3,68
2025-01-21 17:00,0.3,70
2025-01-21 18:00,-0.4,73
2025-01-21 19:00,-0.4,79
2025-01-21 20:00,-0.5,80
2025-01-21 21:00,-0.7,82
2025-01-21 22:00,-0.6,79
2025-01-21 23:00,-0.5,78
2025-01-22 0:00,-0.5,78
2025-01-22 1:00,-0.5,77
2025-01-22 2:00,-0.5,77
2025-01-22 3:00,-0.5,78
2025-01-22 4:00,-0.5,78
2025-01-22 5:00,-0.5,78
2025-01-22 6:00,-0.5,83
2025-01-22 7:00,-0.4,84
2025-01-22 8:00,-0.4,85
2025-01-22 9:00,-0.5,88
2025-01-22 10:00,-0.5,87
2025-01-22 11:00,-0.1,82
2025-01-22 12:00,4.7,75
2025-01-22 13:00,9.5,65
2025-01-22 14:00,9,44
2025-01-22 15:00,6.4,49
2025-01-22 16:00,2.9,43
2025-01-22 17:00,1,45
2025-01-22 18:00,-0.4,52
2025-01-22 19:00,-0.4,59
2025-01-22 20:00,-0.5,60
2025-01-22 21:00,-0.7,61
2025-01-22 22:00,-0.8,72
2025-01-22 23:00,-0.9,76
2025-01-23 0:00,-1.1,76
2025-01-23 1:00,-1.1,76
2025-01-23 2:00,-1.3,77
2025-01-23 3:00,-1.5,75
2025-01-23 4:00,-1.6,78
2025-01-23 5:00,-1.9,82
2025-01-23 6:00,-2.3,82
2025-01-23 7:00,-2.6,82
2025-01-23 8:00,-2.8,80
2025-01-23 9:00,-2.1,77
2025-01-23 10:00,-0.7,65
2025-01-23 11:00,0.2,39
2025-01-23 12:00,3.4,40
2025-01-23 13:00,5.6,36
2025-01-23 14:00,7.9,33
2025-01-23 15:00,7.7,27
2025-01-23 16:00,2.9,25
2025-01-23 17:00,0,29
2025-01-23 18:00,-0.5,35
2025-01-23 19:00,-0.4,43
2025-01-23 20:00,-0.6,46
2025-01-23 21:00,-0.8,46
2025-01-23 22:00,-1.1,48
2025-01-23 23:00,-1,50
2025-01-24 0:00,-1.2,52
2025-01-24 1:00,-1.4,54
2025-01-24 2:00,-1.7,56
2025-01-24 3:00,-2.2,60
2025-01-24 4:00,-2.6,59
2025-01-24 5:00,-2.9,63
2025-01-24 6:00,-3.3,64
2025-01-24 7:00,-3.7,64
2025-01-24 8:00,-3.7,66
2025-01-24 9:00,-2.8,65
2025-01-24 10:00,-0.6,52
2025-01-24 11:00,0.8,44
2025-01-24 12:00,4.2,33
2025-01-24 13:00,7.3,30
2025-01-24 14:00,9,33
2025-01-24 15:00,8.2,29
2025-01-24 16:00,4,28
2025-01-24 17:00,1,24
2025-01-24 18:00,-0.2,29
2025-01-24 19:00,-0.3,35
2025-01-24 20:00,-0.5,40
2025-01-24 21:00,-0.7,43
2025-01-24 22:00,-0.8,44
2025-01-24 23:00,-0.9,42
2025-01-25 0:00,-1,44
2025-01-25 1:00,-1.1,49
2025-01-25 2:00,-1.2,54
2025-01-25 3:00,-1.3,57
2025-01-25 4:00,-1.6,61
2025-01-25 5:00,-1.7,65
2025-01-25 6:00,-2.1,68
2025-01-25 7:00,-2.1,70
2025-01-25 8:00,-1.8,70
2025-01-25 9:00,-1.1,66
2025-01-25 10:00,-0.4,58
2025-01-25 11:00,1.7,51
2025-01-25 12:00,6.5,46
2025-01-25 13:00,10.1,42
2025-01-25 14:00,12.1,39
2025-01-25 15:00,5.4,37
2025-01-25 16:00,2.8,38
2025-01-25 17:00,3,37
2025-01-25 18:00,-0.5,40
2025-01-25 19:00,-0.4,45
2025-01-25 20:00,-0.3,48
2025-01-25 21:00,-0.6,51
2025-01-25 22:00,-0.6,53
2025-01-25 23:00,-0.7,55
2025-01-26 0:00,-0.8,57
2025-01-26 1:00,-0.7,58
2025-01-26 2:00,-0.7,56
2025-01-26 3:00,-0.7,55
2025-01-26 4:00,-0.7,54
2025-01-26 5:00,-0.9,56
2025-01-26 6:00,-1,58
2025-01-26 7:00,-1,60
2025-01-26 8:00,-0.9,59
2025-01-26 9:00,-0.6,58
2025-01-26 10:00,-0.5,53
2025-01-26 11:00,0.7,47
2025-01-26 12:00,2.3,43
2025-01-26 13:00,4.5,41
2025-01-26 14:00,5.5,39
2025-01-26 15:00,3.8,39
2025-01-26 16:00,2.8,41
2025-01-26 17:00,1.4,42
2025-01-26 18:00,-0.2,45
2025-01-26 19:00,-0.5,47
2025-01-26 20:00,-0.4,49
2025-01-26 21:00,-0.4,51
2025-01-26 22:00,-0.4,51
2025-01-26 23:00,-0.4,52
2025-01-27 0:00,-0.4,55
2025-01-27 1:00,-0.4,67
2025-01-27 2:00,-0.4,84
2025-01-27 3:00,-0.3,87
2025-01-27 4:00,0,89
2025-01-27 5:00,0,89
2025-01-27 6:00,0.1,90
2025-01-27 7:00,-0.4,92
2025-01-27 8:00,-0.4,94
2025-01-27 9:00,-0.4,92
2025-01-27 10:00,-0.4,86
2025-01-27 11:00,-0.4,73
2025-01-27 12:00,-0.3,67
2025-01-27 13:00,-0.1,63
2025-01-27 14:00,0.4,56
2025-01-27 15:00,0.1,71
2025-01-27 16:00,-0.2,88
2025-01-27 17:00,-0.3,76
2025-01-27 18:00,-0.4,73
2025-01-27 19:00,-0.4,67
2025-01-27 20:00,-0.5,67
2025-01-27 21:00,-0.4,68
2025-01-27 22:00,-0.4,72
2025-01-27 23:00,-0.4,76
2025-01-28 0:00,-0.4,75
2025-01-28 1:00,-0.4,72
2025-01-28 2:00,-0.4,75
2025-01-28 3:00,-0.4,80
2025-01-28 4:00,-0.4,76
2025-01-28 5:00,-0.4,71
2025-01-28 6:00,-0.5,71
2025-01-28 7:00,-0.5,77
2025-01-28 8:00,-0.5,77
2025-01-28 9:00,-0.5,76
2025-01-28 10:00,-0.4,74
2025-01-28 11:00,-0.4,73
2025-01-28 12:00,-0.4,72
2025-01-28 13:00,-0.4,74
2025-01-28 14:00,-0.4,70
2025-01-28 15:00,-0.4,59
2025-01-28 16:00,-0.4,62
2025-01-28 17:00,-0.4,65
2025-01-28 18:00,-0.4,65
2025-01-28 19:00,-0.6,70
2025-01-28 20:00,-0.7,72
2025-01-28 21:00,-0.8,70
2025-01-28 22:00,-0.8,70
2025-01-28 23:00,-0.8,73
2025-01-29 0:00,-0.8,77
2025-01-29 1:00,-0.8,78
2025-01-29 2:00,-0.9,77
2025-01-29 3:00,-0.9,81
2025-01-29 4:00,-0.9,82
2025-01-29 5:00,-0.9,85
2025-01-29 6:00,-0.9,84
2025-01-29 7:00,-1,80
2025-01-29 8:00,-1,80
2025-01-29 9:00,-1,80
2025-01-29 10:00,-0.7,73
2025-01-29 11:00,-0.6,68
2025-01-29 12:00,-0.5,62
2025-01-29 13:00,-0.4,51
2025-01-29 14:00,-0.4,50
2025-01-29 15:00,-0.4,54
2025-01-29 16:00,-0.4,47
2025-01-29 17:00,-0.4,45
2025-01-29 18:00,-0.5,53
2025-01-29 19:00,-0.8,56
2025-01-29 20:00,-1.3,55
2025-01-29 21:00,-2,57
2025-01-29 22:00,-2.5,56
2025-01-29 23:00,-2.7,59
2025-01-30 0:00,-2.9,58
2025-01-30 1:00,-3,61
2025-01-30 2:00,-3.3,63
2025-01-30 3:00,-3.4,63
2025-01-30 4:00,-3.5,62
2025-01-30 5:00,-3.7,62
2025-01-30 6:00,-3.9,62
2025-01-30 7:00,-3.9,61
2025-01-30 8:00,-3.9,62
2025-01-30 9:00,-2.9,63
2025-01-30 10:00,-1.2,54
2025-01-30 11:00,-0.6,47
2025-01-30 12:00,-0.3,39
2025-01-30 13:00,0,34
2025-01-30 14:00,0.3,35
2025-01-30 15:00,0,33
2025-01-30 16:00,-0.2,30
2025-01-30 17:00,-0.2,32
2025-01-30 18:00,-0.2,34
2025-01-30 19:00,-0.3,36
2025-01-30 20:00,-0.5,35
2025-01-30 21:00,-0.6,38
2025-01-30 22:00,-0.7,37
2025-01-30 23:00,-0.9,40
2025-01-31 0:00,-1.1,41
2025-01-31 1:00,-1.3,41
2025-01-31 2:00,-1.4,43
2025-01-31 3:00,-1.4,46
2025-01-31 4:00,-1.3,55
2025-01-31 5:00,-1.4,68
2025-01-31 6:00,-1.4,72
2025-01-31 7:00,-1.4,77
2025-01-31 8:00,-1.3,81
2025-01-31 9:00,-1,82
2025-01-31 10:00,-0.7,83
2025-01-31 11:00,-0.6,82
2025-01-31 12:00,-0.5,79
2025-01-31 13:00,-0.4,81
2025-01-31 14:00,-0.4,87
2025-01-31 15:00,-0.4,90
2025-01-31 16:00,-0.4,90
2025-01-31 17:00,-0.4,90
2025-01-31 18:00,-0.4,91
2025-01-31 19:00,-0.4,92
2025-01-31 20:00,-0.4,92
2025-01-31 21:00,-0.4,91
2025-01-31 22:00,-0.4,91
2025-01-31 23:00,-0.4,90
2025-02-01 0:00,-0.4,90
2025-02-01 1:00,-0.5,90
2025-02-01 2:00,-0.6,91
2025-02-01 3:00,-0.7,91
2025-02-01 4:00,-0.9,91
2025-02-01 5:00,-1,91
2025-02-01 6:00,-1.1,90
2025-02-01 7:00,-1.1,89
2025-02-01 8:00,-1.2,88
2025-02-01 9:00,-1.1,88
2025-02-01 10:00,-0.8,82
2025-02-01 11:00,-0.5,77
2025-02-01 12:00,-0.4,74
2025-02-01 13:00,-0.3,69
2025-02-01 14:00,-0.3,64
2025-02-01 15:00,-0.3,59
2025-02-01 16:00,0.2,55
2025-02-01 17:00,-0.1,52
2025-02-01 18:00,-0.2,52
2025-02-01 19:00,-0.2,56
2025-02-01 20:00,-0.2,63
2025-02-01 21:00,-0.4,68
2025-02-01 22:00,-0.6,70
2025-02-01 23:00,-0.7,70
2025-02-02 0:00,-0.8,72
2025-02-02 1:00,-1,75
2025-02-02 2:00,-1.2,79
2025-02-02 3:00,-1.5,82
2025-02-02 4:00,-1.8,78
2025-02-02 5:00,-2,81
2025-02-02 6:00,-2.3,81
2025-02-02 7:00,-2.5,83
2025-02-02 8:00,-2.6,84
2025-02-02 9:00,-1.7,84
2025-02-02 10:00,-0.5,74
2025-02-02 11:00,0,66
2025-02-02 12:00,1.5,58
2025-02-02 13:00,3.3,54
2025-02-02 14:00,4,50
2025-02-02 15:00,4.4,42
2025-02-02 16:00,2.4,47
2025-02-02 17:00,0.9,53
2025-02-02 18:00,-0.2,52
2025-02-02 19:00,-0.2,55
2025-02-02 20:00,-0.2,60
2025-02-02 21:00,-0.3,68
2025-02-02 22:00,-0.3,75
2025-02-02 23:00,-0.4,77
2025-02-03 0:00,-0.5,70
2025-02-03 1:00,-0.4,72
2025-02-03 2:00,-0.6,60
2025-02-03 3:00,-0.9,57
2025-02-03 4:00,-1.1,61
2025-02-03 5:00,-1.4,66
2025-02-03 6:00,-1.9,59
2025-02-03 7:00,-2.5,60
2025-02-03 8:00,-3.1,56
2025-02-03 9:00,-2.7,53
2025-02-03 10:00,-0.5,47
2025-02-03 11:00,-0.1,43
2025-02-03 12:00,1.6,39
2025-02-03 13:00,3.3,35
2025-02-03 14:00,4.9,34
2025-02-03 15:00,4.3,31
2025-02-03 16:00,0.4,31
2025-02-03 17:00,-0.3,38
2025-02-03 18:00,-1.2,43
2025-02-03 19:00,-1.6,48
2025-02-03 20:00,-2.4,50
2025-02-03 21:00,-3.6,55
2025-02-03 22:00,-4.7,53
2025-02-03 23:00,-5.3,55
2025-02-04 0:00,-5.7,53
2025-02-04 1:00,-6.1,51
2025-02-04 2:00,-6.5,49
2025-02-04 3:00,-6.6,52
2025-02-04 4:00,-6.8,53
2025-02-04 5:00,-7,55
2025-02-04 6:00,-7.2,54
2025-02-04 7:00,-7.4,55
2025-02-04 8:00,-7.3,56
2025-02-04 9:00,-6.1,50
2025-02-04 10:00,-1.9,47
2025-02-04 11:00,-0.5,44
2025-02-04 12:00,0.8,44
2025-02-04 13:00,2.6,41
2025-02-04 14:00,3.2,39
2025-02-04 15:00,3.1,40
2025-02-04 16:00,0.5,41
2025-02-04 17:00,-0.5,43
2025-02-04 18:00,-1.5,49
2025-02-04 19:00,-3.1,50
2025-02-04 20:00,-5.2,51
2025-02-04 21:00,-6.2,55
2025-02-04 22:00,-6.7,59
2025-02-04 23:00,-7.1,60
2025-02-05 0:00,-7.4,62
2025-02-05 1:00,-7.6,62
2025-02-05 2:00,-7.7,61
2025-02-05 3:00,-7.8,62
2025-02-05 4:00,-7.9,62
2025-02-05 5:00,-7.8,65
2025-02-05 6:00,-7.9,65
2025-02-05 7:00,-8.1,60
2025-02-05 8:00,-7.9,58
2025-02-05 9:00,-5.8,55
2025-02-05 10:00,-3.3,49
2025-02-05 11:00,-2.2,42
2025-02-05 12:00,-1,39
2025-02-05 13:00,0.9,34
2025-02-05 14:00,3.7,34
2025-02-05 15:00,4,35
2025-02-05 16:00,0.7,37
2025-02-05 17:00,-0.7,34
2025-02-05 18:00,-2,41
2025-02-05 19:00,-4.2,45
2025-02-05 20:00,-5.6,46
2025-02-05 21:00,-6.5,44
2025-02-05 22:00,-7.1,44
2025-02-05 23:00,-7.4,48
2025-02-06 0:00,-7.8,52
2025-02-06 1:00,-7.9,53
2025-02-06 2:00,-8,54
2025-02-06 3:00,-8.2,53
2025-02-06 4:00,-8.4,53
2025-02-06 5:00,-8.4,57
2025-02-06 6:00,-8.5,60
2025-02-06 7:00,-8.5,58
2025-02-06 8:00,-8.3,61
2025-02-06 9:00,-6.5,55
2025-02-06 10:00,-1.3,42
2025-02-06 11:00,0.7,35
2025-02-06 12:00,4.5,33
2025-02-06 13:00,6.5,34
2025-02-06 14:00,3,42
2025-02-06 15:00,1.5,51
2025-02-06 16:00,-0.2,81
2025-02-06 17:00,-0.2,84
2025-02-06 18:00,-0.2,85
2025-02-06 19:00,-0.3,82
2025-02-06 20:00,-0.3,82
2025-02-06 21:00,-0.3,81
2025-02-06 22:00,-0.4,71
2025-02-06 23:00,-0.6,64
2025-02-07 0:00,-1.3,61
2025-02-07 1:00,-2.2,73
2025-02-07 2:00,-2.5,77
2025-02-07 3:00,-2.2,78
2025-02-07 4:00,-2.2,74
2025-02-07 5:00,-2.3,65
2025-02-07 6:00,-2.5,78
2025-02-07 7:00,-2.5,81
2025-02-07 8:00,-2.6,77
2025-02-07 9:00,-2.5,73
2025-02-07 10:00,-2.3,59
2025-02-07 11:00,-1.5,50
2025-02-07 12:00,-1,47
2025-02-07 13:00,-0.6,47
2025-02-07 14:00,-0.5,47
2025-02-07 15:00,-0.5,44
2025-02-07 16:00,-0.6,44
2025-02-07 17:00,-1.9,44
2025-02-07 18:00,-3.2,51
2025-02-07 19:00,-3.8,53
2025-02-07 20:00,-4.1,56
2025-02-07 21:00,-4.4,54
2025-02-07 22:00,-4.6,55
2025-02-07 23:00,-4.7,55
2025-02-08 0:00,-4.9,56
2025-02-08 1:00,-5,56
2025-02-08 2:00,-5.1,57
2025-02-08 3:00,-5.2,58
2025-02-08 4:00,-5.3,59
2025-02-08 5:00,-5.4,60
2025-02-08 6:00,-5.4,60
2025-02-08 7:00,-5.5,60
2025-02-08 8:00,-5.5,58
2025-02-08 9:00,-5.1,57
2025-02-08 10:00,-3.3,53
2025-02-08 11:00,-2,49
2025-02-08 12:00,-1,46
2025-02-08 13:00,-0.6,46
2025-02-08 14:00,-0.4,46
2025-02-08 15:00,-0.1,45
2025-02-08 16:00,-0.1,45
2025-02-08 17:00,-0.2,45
2025-02-08 18:00,-0.5,49
2025-02-08 19:00,-1.5,52
2025-02-08 20:00,-3.4,55
2025-02-08 21:00,-4,58
2025-02-08 22:00,-4.3,59
2025-02-08 23:00,-4.6,62
2025-02-09 0:00,-4.8,63
2025-02-09 1:00,-5.1,64
2025-02-09 2:00,-5.4,66
2025-02-09 3:00,-5.5,71
2025-02-09 4:00,-5.7,73
2025-02-09 5:00,-5.9,73
2025-02-09 6:00,-6,75
2025-02-09 7:00,-6,75
2025-02-09 8:00,-6,77
2025-02-09 9:00,-5,78
2025-02-09 10:00,-2.4,66
2025-02-09 11:00,-1,51
2025-02-09 12:00,-0.5,48
2025-02-09 13:00,0.4,40
2025-02-09 14:00,3.4,42
2025-02-09 15:00,4.3,40
2025-02-09 16:00,2.3,41
2025-02-09 17:00,-0.2,51
2025-02-09 18:00,-0.3,58
2025-02-09 19:00,-0.8,65
2025-02-09 20:00,-1,69
2025-02-09 21:00,-1.3,71
2025-02-09 22:00,-1.8,70
2025-02-09 23:00,-2.8,68
2025-02-10 0:00,-3.8,69
2025-02-10 1:00,-4.5,70
2025-02-10 2:00,-4.9,63
2025-02-10 3:00,-5.4,62
2025-02-10 4:00,-5.7,63
2025-02-10 5:00,-4.6,62
2025-02-10 6:00,-5.3,64
2025-02-10 7:00,-5.8,67
2025-02-10 8:00,-4.6,68
2025-02-10 9:00,-2.9,65
2025-02-10 10:00,-0.8,55
2025-02-10 11:00,0.3,49
2025-02-10 12:00,1.9,46
2025-02-10 13:00,3.9,47
2025-02-10 14:00,3.3,50
2025-02-10 15:00,4.4,56
2025-02-10 16:00,4.1,47
2025-02-10 17:00,-0.4,47
2025-02-10 18:00,-0.3,53
2025-02-10 19:00,-0.6,60
2025-02-10 20:00,-0.9,64
2025-02-10 21:00,-1.1,67
2025-02-10 22:00,-1.3,71
2025-02-10 23:00,-1.6,75
2025-02-11 0:00,-2.4,75
2025-02-11 1:00,-3.3,76
2025-02-11 2:00,-3.9,78
2025-02-11 3:00,-4.4,78
2025-02-11 4:00,-4.8,80
2025-02-11 5:00,-5.1,80
2025-02-11 6:00,-5.3,80
2025-02-11 7:00,-5.4,82
2025-02-11 8:00,-5.1,83
2025-02-11 9:00,-3.2,81
2025-02-11 10:00,-0.6,71
2025-02-11 11:00,1.2,63
2025-02-11 12:00,4.6,55
2025-02-11 13:00,8.3,50
2025-02-11 14:00,9.6,47
2025-02-11 15:00,8.7,43
2025-02-11 16:00,5.5,40
2025-02-11 17:00,1,39
2025-02-11 18:00,-0.2,43
2025-02-11 19:00,-0.2,47
2025-02-11 20:00,-0.3,51
2025-02-11 21:00,-0.5,51
2025-02-11 22:00,-0.5,51
2025-02-11 23:00,-0.7,50
2025-02-12 0:00,-0.6,47
2025-02-12 1:00,-0.4,50
2025-02-12 2:00,-0.4,51
2025-02-12 3:00,-0.4,50
2025-02-12 4:00,-0.4,55
2025-02-12 5:00,-0.4,64
2025-02-12 6:00,-0.3,81
2025-02-12 7:00,-0.3,88
2025-02-12 8:00,-0.3,91
2025-02-12 9:00,-0.3,91
2025-02-12 10:00,-0.3,91
2025-02-12 11:00,-0.3,91
2025-02-12 12:00,-0.3,89
2025-02-12 13:00,-0.3,89
2025-02-12 14:00,-0.3,87
2025-02-12 15:00,-0.3,92
2025-02-12 16:00,-0.3,95
2025-02-12 17:00,-0.3,95
2025-02-12 18:00,-0.3,88
2025-02-12 19:00,-0.3,79
2025-02-12 20:00,-0.2,74
2025-02-12 21:00,-0.4,58
2025-02-12 22:00,-0.8,58
2025-02-12 23:00,-1.1,59
2025-02-13 0:00,-1.5,57
2025-02-13 1:00,-2.2,55
2025-02-13 2:00,-2.7,56
2025-02-13 3:00,-3.1,55
2025-02-13 4:00,-3.4,52
2025-02-13 5:00,-3.9,54
2025-02-13 6:00,-4.2,57
2025-02-13 7:00,-4.6,61
2025-02-13 8:00,-4.5,62
2025-02-13 9:00,-3.3,53
2025-02-13 10:00,-0.8,51
2025-02-13 11:00,0,41
2025-02-13 12:00,2.4,38
2025-02-13 13:00,6.7,39
2025-02-13 14:00,9,38
2025-02-13 15:00,8.2,36
2025-02-13 16:00,5.5,39
2025-02-13 17:00,0.7,45
2025-02-13 18:00,-0.3,54
2025-02-13 19:00,-0.2,57
2025-02-13 20:00,-0.3,57
2025-02-13 21:00,-0.5,60
2025-02-13 22:00,-0.6,62
2025-02-13 23:00,-0.8,67
2025-02-14 0:00,-0.9,72
2025-02-14 1:00,-1,75
2025-02-14 2:00,-1.1,78
2025-02-14 3:00,-1.3,80
2025-02-14 4:00,-1.4,82
2025-02-14 5:00,-1.5,83
2025-02-14 6:00,-1.7,84
2025-02-14 7:00,-2,84
2025-02-14 8:00,-2,86
2025-02-14 9:00,-0.8,86
2025-02-14 10:00,-0.1,76
2025-02-14 11:00,2.4,71
2025-02-14 12:00,6.6,59
2025-02-14 13:00,9.8,52
2025-02-14 14:00,10.4,47
2025-02-14 15:00,8.6,38
2025-02-14 16:00,5.6,37
2025-02-14 17:00,1.8,33
2025-02-14 18:00,-0.5,38
2025-02-14 19:00,-0.3,46
2025-02-14 20:00,-0.2,57
2025-02-14 21:00,-0.3,69
2025-02-14 22:00,-0.4,76
2025-02-14 23:00,-0.5,81
2025-02-15 0:00,-0.6,85
2025-02-15 1:00,-0.4,86
2025-02-15 2:00,-0.7,88
2025-02-15 3:00,-0.8,90
2025-02-15 4:00,-0.8,90
2025-02-15 5:00,-0.7,88
2025-02-15 6:00,-0.7,88
2025-02-15 7:00,-0.9,89
2025-02-15 8:00,-0.6,89
2025-02-15 9:00,-0.4,89
2025-02-15 10:00,-0.2,83
2025-02-15 11:00,0.8,75
2025-02-15 12:00,1.6,70
2025-02-15 13:00,2.4,67
2025-02-15 14:00,5,63
2025-02-15 15:00,7.8,59
2025-02-15 16:00,4.8,58
2025-02-15 17:00,2.7,62
2025-02-15 18:00,1,64
2025-02-15 19:00,0.1,68
2025-02-15 20:00,-0.3,70
2025-02-15 21:00,-0.2,72
2025-02-15 22:00,-0.2,74
2025-02-15 23:00,-0.2,76
2025-02-16 0:00,-0.2,80
2025-02-16 1:00,-0.3,83
2025-02-16 2:00,-0.4,85
2025-02-16 3:00,-0.4,87
2025-02-16 4:00,-0.4,87
2025-02-16 5:00,-0.4,88
2025-02-16 6:00,-0.5,88
2025-02-16 7:00,-0.4,89
2025-02-16 8:00,-0.4,90
2025-02-16 9:00,-0.3,89
2025-02-16 10:00,0.3,82
2025-02-16 11:00,1.8,75
2025-02-16 12:00,8.4,70
2025-02-16 13:00,8.4,64
2025-02-16 14:00,10.5,58
2025-02-16 15:00,5.9,66
2025-02-16 16:00,4.7,69
2025-02-16 17:00,3.7,72
2025-02-16 18:00,1.7,77
2025-02-16 19:00,0.8,83
2025-02-16 20:00,1.1,85
2025-02-16 21:00,-0.1,76
2025-02-16 22:00,-0.2,68
2025-02-16 23:00,-0.2,60
2025-02-17 0:00,-0.6,52
2025-02-17 1:00,-0.9,47
2025-02-17 2:00,-1.1,42
2025-02-17 3:00,-1.3,36
2025-02-17 4:00,-1.6,34
2025-02-17 5:00,-1.8,35
2025-02-17 6:00,-1.9,38
2025-02-17 7:00,-2.1,42
2025-02-17 8:00,-1.9,43
2025-02-17 9:00,-0.7,39
2025-02-17 10:00,0.2,32
2025-02-17 11:00,2.4,31
2025-02-17 12:00,6,28
2025-02-17 13:00,8.5,30
2025-02-17 14:00,10.6,28
2025-02-17 15:00,9.8,29
2025-02-17 16:00,6.4,29
2025-02-17 17:00,0.6,31
2025-02-17 18:00,-0.2,37
2025-02-17 19:00,-0.6,39
2025-02-17 20:00,-0.9,45
2025-02-17 21:00,-1.2,49
2025-02-17 22:00,-1.5,54
2025-02-17 23:00,-1.7,57
2025-02-18 0:00,-1.9,57
2025-02-18 1:00,-2.1,58
2025-02-18 2:00,-2.3,59
2025-02-18 3:00,-2.6,58
2025-02-18 4:00,-2.9,53
2025-02-18 5:00,-3.2,48
2025-02-18 6:00,-3.5,45
2025-02-18 7:00,-3.7,46
2025-02-18 8:00,-3.6,47
2025-02-18 9:00,-1.5,44
2025-02-18 10:00,-0.1,36
2025-02-18 11:00,1.4,34
2025-02-18 12:00,4.2,32
2025-02-18 13:00,7.4,28
2025-02-18 14:00,8.3,23
2025-02-18 15:00,7.1,24
2025-02-18 16:00,4.1,23
2025-02-18 17:00,0,24
2025-02-18 18:00,-0.4,29
2025-02-18 19:00,-0.9,34
2025-02-18 20:00,-1.2,35
2025-02-18 21:00,-1.5,41
2025-02-18 22:00,-1.9,47
2025-02-18 23:00,-2.1,49
2025-02-19 0:00,-2.6,49
2025-02-19 1:00,-3.1,51
2025-02-19 2:00,-3.6,53
2025-02-19 3:00,-4,54
2025-02-19 4:00,-4.5,55
2025-02-19 5:00,-4.7,57
2025-02-19 6:00,-4.9,56
2025-02-19 7:00,-5.1,57
2025-02-19 8:00,-5,60
2025-02-19 9:00,-2.8,57
2025-02-19 10:00,-0.2,47
2025-02-19 11:00,1.9,42
2025-02-19 12:00,4.8,39
2025-02-19 13:00,7.9,38
2025-02-19 14:00,9.4,36
2025-02-19 15:00,8.6,32
2025-02-19 16:00,5.2,30
2025-02-19 17:00,0.1,29
2025-02-19 18:00,-0.3,30
2025-02-19 19:00,-0.9,35
2025-02-19 20:00,-1.2,38
2025-02-19 21:00,-1.5,42
2025-02-19 22:00,-1.9,45
2025-02-19 23:00,-2.5,46
2025-02-20 0:00,-3.2,48
2025-02-20 1:00,-3.9,49
2025-02-20 2:00,-4.4,52
2025-02-20 3:00,-4.9,54
2025-02-20 4:00,-5.3,56
2025-02-20 5:00,-5.8,57
2025-02-20 6:00,-6,59
2025-02-20 7:00,-6.2,61
2025-02-20 8:00,-5.8,61
2025-02-20 9:00,-3.1,53
2025-02-20 10:00,-0.3,46
2025-02-20 11:00,2,36
2025-02-20 12:00,5.5,32
2025-02-20 13:00,8,32
2025-02-20 14:00,10.2,31
2025-02-20 15:00,9.1,32
2025-02-20 16:00,5.7,31
2025-02-20 17:00,0.1,29
2025-02-20 18:00,-0.4,29
2025-02-20 19:00,-0.9,30
2025-02-20 20:00,-1.2,32
2025-02-20 21:00,-1.6,35
2025-02-20 22:00,-2.1,43
2025-02-20 23:00,-2.8,50
2025-02-21 0:00,-3.6,52
2025-02-21 1:00,-4.1,53
2025-02-21 2:00,-4.7,54
2025-02-21 3:00,-5.1,57
2025-02-21 4:00,-5.5,60
2025-02-21 5:00,-5.9,61
2025-02-21 6:00,-6.1,62
2025-02-21 7:00,-6.3,64
2025-02-21 8:00,-6,64
2025-02-21 9:00,-3,59
2025-02-21 10:00,-0.1,50
2025-02-21 11:00,2.7,43
2025-02-21 12:00,6.5,36
2025-02-21 13:00,10.4,32
2025-02-21 14:00,11.5,33
2025-02-21 15:00,9.5,34
2025-02-21 16:00,5.7,33
2025-02-21 17:00,0.9,39
2025-02-21 18:00,-0.3,27
2025-02-21 19:00,-0.7,30
2025-02-21 20:00,-1,37
2025-02-21 21:00,-1.2,39
2025-02-21 22:00,-1.6,39
2025-02-21 23:00,-2.2,41
2025-02-22 0:00,-2.8,48
2025-02-22 1:00,-3.3,52
2025-02-22 2:00,-3.9,55
2025-02-22 3:00,-4.3,62
2025-02-22 4:00,-4.8,64
2025-02-22 5:00,-5.2,69
2025-02-22 6:00,-5.4,69
2025-02-22 7:00,-5.6,71
2025-02-22 8:00,-5.4,72
2025-02-22 9:00,-2.6,64
2025-02-22 10:00,0.3,55
2025-02-22 11:00,3.3,43
2025-02-22 12:00,7.6,33
2025-02-22 13:00,11.2,31
2025-02-22 14:00,12.5,33
2025-02-22 15:00,9.9,36
2025-02-22 16:00,6.9,37
2025-02-22 17:00,1,35
2025-02-22 18:00,-0.3,42
2025-02-22 19:00,-0.6,47
2025-02-22 20:00,-0.9,50
2025-02-22 21:00,-1.3,36
2025-02-22 22:00,-1.7,43
2025-02-22 23:00,-2.5,48
2025-02-23 0:00,-3.2,51
2025-02-23 1:00,-3.9,53
2025-02-23 2:00,-4.4,54
2025-02-23 3:00,-4.9,55
2025-02-23 4:00,-5.4,57
2025-02-23 5:00,-5.9,57
2025-02-23 6:00,-6.1,57
2025-02-23 7:00,-6.2,57
2025-02-23 8:00,-5.9,59
2025-02-23 9:00,-2.9,52
2025-02-23 10:00,-0.2,43
2025-02-23 11:00,2.6,38
2025-02-23 12:00,6.3,37
2025-02-23 13:00,8.8,35
2025-02-23 14:00,10.6,32
2025-02-23 15:00,8.9,30
2025-02-23 16:00,5.7,31
2025-02-23 17:00,0.3,30
2025-02-23 18:00,-0.4,35
2025-02-23 19:00,-0.8,38
2025-02-23 20:00,-1.3,42
2025-02-23 21:00,-2,46
2025-02-23 22:00,-2.9,48
2025-02-23 23:00,-3.6,50
2025-02-24 0:00,-4.2,51
2025-02-24 1:00,-4.6,53
2025-02-24 2:00,-5.2,53
2025-02-24 3:00,-5.6,56
2025-02-24 4:00,-6,57
2025-02-24 5:00,-6.1,59
2025-02-24 6:00,-6.3,61
2025-02-24 7:00,-6.6,63
2025-02-24 8:00,-6.2,64
2025-02-24 9:00,-2.5,55
2025-02-24 10:00,0.4,46
2025-02-24 11:00,3.8,39
2025-02-24 12:00,9.5,35
2025-02-24 13:00,12,31
2025-02-24 14:00,12.8,31
2025-02-24 15:00,11.4,29
2025-02-24 16:00,8.3,32
2025-02-24 17:00,2.5,32
2025-02-24 18:00,-0.2,37
2025-02-24 19:00,-0.4,42
2025-02-24 20:00,-0.6,47
2025-02-24 21:00,-0.8,55
2025-02-24 22:00,-0.9,65
2025-02-24 23:00,-1.3,65
2025-02-25 0:00,-1.9,70
2025-02-25 1:00,-2.4,73
2025-02-25 2:00,-2.8,77
2025-02-25 3:00,-3.2,79
2025-02-25 4:00,-3.5,80
2025-02-25 5:00,-3.8,83
2025-02-25 6:00,-4,84
2025-02-25 7:00,-4.3,83
2025-02-25 8:00,-3.8,82
2025-02-25 9:00,-1.1,79
2025-02-25 10:00,1.4,66
2025-02-25 11:00,5.1,57
2025-02-25 12:00,6.8,54
2025-02-25 13:00,7,53
2025-02-25 14:00,4.7,56
2025-02-25 15:00,3.5,60
2025-02-25 16:00,4.5,61
2025-02-25 17:00,3.2,60
2025-02-25 18:00,1.3,67
2025-02-25 19:00,0.5,69
2025-02-25 20:00,-0.1,72
2025-02-25 21:00,-0.4,75
2025-02-25 22:00,-0.2,78
2025-02-25 23:00,-0.2,81
2025-02-26 0:00,-0.2,83
2025-02-26 1:00,-0.2,84
2025-02-26 2:00,-0.2,84
2025-02-26 3:00,-0.2,85
2025-02-26 4:00,-0.2,86
2025-02-26 5:00,-0.3,87
2025-02-26 6:00,-0.3,87
2025-02-26 7:00,-0.5,86
2025-02-26 8:00,-0.4,90
2025-02-26 9:00,-0.3,87
2025-02-26 10:00,1.9,63
2025-02-26 11:00,10.1,50
2025-02-26 12:00,14.3,29
2025-02-26 13:00,16,18
2025-02-26 14:00,16.1,19
2025-02-26 15:00,13.4,22
2025-02-26 16:00,10.1,22
2025-02-26 17:00,4.5,23
2025-02-26 18:00,0.2,23
2025-02-26 19:00,-0.3,26
2025-02-26 20:00,-0.4,23
2025-02-26 21:00,-0.7,25
2025-02-26 22:00,-0.9,28
2025-02-26 23:00,-1,32
2025-02-27 0:00,-1.2,37
2025-02-27 1:00,-1.3,40
2025-02-27 2:00,-1.5,43
2025-02-27 3:00,-1.7,42
2025-02-27 4:00,-1.9,42
2025-02-27 5:00,-2.1,44
2025-02-27 6:00,-2.3,45
2025-02-27 7:00,-2.5,47
2025-02-27 8:00,-2.1,46
2025-02-27 9:00,-0.6,40
2025-02-27 10:00,1.2,30
2025-02-27 11:00,5.2,25
2025-02-27 12:00,10.5,19
2025-02-27 13:00,14,17
2025-02-27 14:00,15.8,15
2025-02-27 15:00,15.4,13
2025-02-27 16:00,12.5,13
2025-02-27 17:00,6.8,14
2025-02-27 18:00,2.9,18
2025-02-27 19:00,-0.4,21
2025-02-27 20:00,-0.3,26
2025-02-27 21:00,-0.3,27
2025-02-27 22:00,-0.4,28
2025-02-27 23:00,-0.6,31
2025-02-28 0:00,-0.4,31
2025-02-28 1:00,-0.4,28
2025-02-28 2:00,-0.4,30
2025-02-28 3:00,-0.4,36
2025-02-28 4:00,-0.6,39
2025-02-28 5:00,-0.6,39
2025-02-28 6:00,-0.5,40
2025-02-28 7:00,-0.4,43
2025-02-28 8:00,-0.3,44
2025-02-28 9:00,-0.2,42
2025-02-28 10:00,-0.1,43
2025-02-28 11:00,1.2,43
2025-02-28 12:00,3.8,47
2025-02-28 13:00,11.3,47
2025-02-28 14:00,16.5,48
2025-02-28 15:00,12,51
2025-02-28 16:00,12.6,51
2025-02-28 17:00,8.7,53
2025-02-28 18:00,4.6,57
2025-02-28 19:00,1.1,61
2025-02-28 20:00,-0.5,66
2025-02-28 21:00,-0.3,71
2025-02-28 22:00,-0.3,73
2025-02-28 23:00,-0.3,74
2025-03-01 0:00,-0.3,75
2025-03-01 1:00,-0.3,78
2025-03-01 2:00,-0.3,80
2025-03-01 3:00,-0.3,81
2025-03-01 4:00,-0.4,82
2025-03-01 5:00,-0.4,83
2025-03-01 6:00,-0.4,84
2025-03-01 7:00,-0.4,86
2025-03-01 8:00,-0.3,83
2025-03-01 9:00,-0.3,78
2025-03-01 10:00,0,70
2025-03-01 11:00,6.3,60
2025-03-01 12:00,13.9,49
2025-03-01 13:00,11.7,49
2025-03-01 14:00,7.4,51
2025-03-01 15:00,6.4,63
2025-03-01 16:00,9.2,64
2025-03-01 17:00,7.7,60
2025-03-01 18:00,6,58
2025-03-01 19:00,3.9,62
2025-03-01 20:00,2.3,65
2025-03-01 21:00,1,67
2025-03-01 22:00,1.6,70
2025-03-01 23:00,1.9,69
2025-03-02 0:00,1.5,68
2025-03-02 1:00,1.6,69
2025-03-02 2:00,1.2,67
2025-03-02 3:00,1.7,68
2025-03-02 4:00,2.3,70
2025-03-02 5:00,2.5,70
2025-03-02 6:00,2.5,68
2025-03-02 7:00,2.6,68
2025-03-02 8:00,2.8,64
2025-03-02 9:00,3.9,62
2025-03-02 10:00,6.8,55
2025-03-02 11:00,8.6,50
2025-03-02 12:00,12.1,41
2025-03-02 13:00,13.5,34
2025-03-02 14:00,9.2,33
2025-03-02 15:00,7.7,41
2025-03-02 16:00,6.5,70
2025-03-02 17:00,5.5,83
2025-03-02 18:00,4.8,88
2025-03-02 19:00,4,88
2025-03-02 20:00,3.2,87
2025-03-02 21:00,2.3,87
2025-03-02 22:00,2,83
2025-03-02 23:00,1,79
2025-03-03 0:00,0.5,89
2025-03-03 1:00,0.7,92
2025-03-03 2:00,0.5,93
2025-03-03 3:00,0.5,90
2025-03-03 4:00,-0.1,87
2025-03-03 5:00,-0.1,90
2025-03-03 6:00,-0.1,89
2025-03-03 7:00,-0.1,90
2025-03-03 8:00,0.1,78
2025-03-03 9:00,0.7,72
2025-03-03 10:00,3.4,67
2025-03-03 11:00,10.4,57
2025-03-03 12:00,14.4,53
2025-03-03 13:00,15.7,51
2025-03-03 14:00,15.7,48
2025-03-03 15:00,13.6,47
2025-03-03 16:00,8.9,49
2025-03-03 17:00,5.6,50
2025-03-03 18:00,2.4,52
2025-03-03 19:00,0.4,53
2025-03-03 20:00,-0.7,51
2025-03-03 21:00,-1.2,51
2025-03-03 22:00,-0.2,52
2025-03-03 23:00,-0.3,53
2025-03-04 0:00,-0.4,54
2025-03-04 1:00,-0.5,55
2025-03-04 2:00,-0.5,55
2025-03-04 3:00,-0.5,55
2025-03-04 4:00,-0.5,55
2025-03-04 5:00,-0.5,56
2025-03-04 6:00,-0.4,56
2025-03-04 7:00,-0.4,57
2025-03-04 8:00,-0.3,57
2025-03-04 9:00,-0.3,57
2025-03-04 10:00,-0.3,86
2025-03-04 11:00,-0.3,91
2025-03-04 12:00,-0.3,90
2025-03-04 13:00,-0.3,90
2025-03-04 14:00,-0.3,87
2025-03-04 15:00,-0.1,85
2025-03-04 16:00,1.5,87
2025-03-04 17:00,2.1,76
2025-03-04 18:00,1.4,71
2025-03-04 19:00,0.6,71
2025-03-04 20:00,0.6,68
2025-03-04 21:00,0.5,66
2025-03-04 22:00,0.5,65
2025-03-04 23:00,0.5,64
2025-03-05 0:00,0.4,66
2025-03-05 1:00,0.4,66
2025-03-05 2:00,0.3,66
2025-03-05 3:00,0.2,66
2025-03-05 4:00,0.2,66
2025-03-05 5:00,0.2,66
2025-03-05 6:00,0.1,67
2025-03-05 7:00,0.1,67
2025-03-05 8:00,0.8,67
2025-03-05 9:00,2.5,66
2025-03-05 10:00,4.8,63
2025-03-05 11:00,6.8,62
2025-03-05 12:00,8,60
2025-03-05 13:00,9,59
2025-03-05 14:00,12.1,56
2025-03-05 15:00,11.9,55
2025-03-05 16:00,14.4,52
2025-03-05 17:00,10.4,51
2025-03-05 18:00,6.2,52
2025-03-05 19:00,3.6,59
2025-03-05 20:00,2.2,61
2025-03-05 21:00,1.5,66
2025-03-05 22:00,0.6,70
2025-03-05 23:00,0.2,73
2025-03-06 0:00,-0.3,74
2025-03-06 1:00,-0.1,74
2025-03-06 2:00,-0.1,77
2025-03-06 3:00,-0.3,77
2025-03-06 4:00,-0.4,80
2025-03-06 5:00,-0.7,78
2025-03-06 6:00,-0.9,77
2025-03-06 7:00,-1.1,81
2025-03-06 8:00,-0.6,81
2025-03-06 9:00,-0.3,70
2025-03-06 10:00,7.1,61
2025-03-06 11:00,14.6,54
2025-03-06 12:00,17.9,47
2025-03-06 13:00,19.7,39
2025-03-06 14:00,19.4,36
2025-03-06 15:00,18.6,37
2025-03-06 16:00,16,38
2025-03-06 17:00,10.5,37
2025-03-06 18:00,6.1,37
2025-03-06 19:00,3.5,45
2025-03-06 20:00,2.2,43
2025-03-06 21:00,1.2,44
2025-03-06 22:00,0.5,46
2025-03-06 23:00,-0.2,49
2025-03-07 0:00,-0.7,52
2025-03-07 1:00,0,56
2025-03-07 2:00,-0.2,57
2025-03-07 3:00,-0.5,60
2025-03-07 4:00,-0.9,62
2025-03-07 5:00,-1.1,64
2025-03-07 6:00,-1.3,62
2025-03-07 7:00,-1.4,65
2025-03-07 8:00,-0.8,67
2025-03-07 9:00,-0.3,64
2025-03-07 10:00,4.3,60
2025-03-07 11:00,13.2,46
2025-03-07 12:00,15.9,41
2025-03-07 13:00,16.1,36
2025-03-07 14:00,16.1,35
2025-03-07 15:00,14.8,34
2025-03-07 16:00,14.4,34
2025-03-07 17:00,8.6,35
2025-03-07 18:00,5.6,39
2025-03-07 19:00,3.8,42
2025-03-07 20:00,3,47
2025-03-07 21:00,2.4,41
2025-03-07 22:00,2,48
2025-03-07 23:00,1.8,52
2025-03-08 0:00,1.5,53
2025-03-08 1:00,1.1,53
2025-03-08 2:00,1,53
2025-03-08 3:00,0.7,58
2025-03-08 4:00,0.2,60
2025-03-08 5:00,0.2,62
2025-03-08 6:00,0.1,62
2025-03-08 7:00,-0.2,65
2025-03-08 8:00,0.5,67
2025-03-08 9:00,4.1,64
2025-03-08 10:00,8.6,45
2025-03-08 11:00,13.1,36
2025-03-08 12:00,18.3,31
2025-03-08 13:00,21,28
2025-03-08 14:00,20.2,29
2025-03-08 15:00,18.6,23
2025-03-08 16:00,15.1,30
2025-03-08 17:00,10.4,38
2025-03-08 18:00,6.2,50
2025-03-08 19:00,3.8,57
2025-03-08 20:00,2.9,66
2025-03-08 21:00,2.1,70
2025-03-08 22:00,1.5,76
2025-03-08 23:00,0.9,79
2025-03-09 0:00,0.4,82
2025-03-09 1:00,0.3,83
2025-03-09 2:00,0.3,86
2025-03-09 3:00,0.2,87
2025-03-09 4:00,0,89
2025-03-09 5:00,-0.1,88
2025-03-09 6:00,-0.3,89
2025-03-09 7:00,-0.5,87
2025-03-09 8:00,-0.3,88
2025-03-09 9:00,0.1,82
2025-03-09 10:00,10.9,73
2025-03-09 11:00,16.1,59
2025-03-09 12:00,19.4,52
2025-03-09 13:00,21.8,49
2025-03-09 14:00,22.1,41
2025-03-09 15:00,21.1,37
2025-03-09 16:00,17.8,35
2025-03-09 17:00,13.4,36
2025-03-09 18:00,9,50
2025-03-09 19:00,6.3,60
2025-03-09 20:00,4.8,64
2025-03-09 21:00,3.8,66
2025-03-09 22:00,2.8,70
2025-03-09 23:00,2.3,72
2025-03-10 0:00,1.5,75
2025-03-10 1:00,0.9,77
2025-03-10 2:00,0.6,76
2025-03-10 3:00,0.6,76
2025-03-10 4:00,0.5,78
2025-03-10 5:00,0.4,81
2025-03-10 6:00,0.3,83
2025-03-10 7:00,0.1,83
2025-03-10 8:00,0.1,84
2025-03-10 9:00,4.4,77
2025-03-10 10:00,12.2,64
2025-03-10 11:00,17.4,52
2025-03-10 12:00,20.5,46
2025-03-10 13:00,22,42
2025-03-10 14:00,20.9,33
2025-03-10 15:00,20.5,33
2025-03-10 16:00,17.3,34
2025-03-10 17:00,13.1,35
2025-03-10 18:00,9,37
2025-03-10 19:00,6.4,46
2025-03-10 20:00,4.9,56
2025-03-10 21:00,4,60
2025-03-10 22:00,3.1,61
2025-03-10 23:00,2,62
2025-03-11 0:00,1.5,66
2025-03-11 1:00,1.2,69
2025-03-11 2:00,0.7,71
2025-03-11 3:00,0.4,73
2025-03-11 4:00,0.7,73
2025-03-11 5:00,0.6,74
2025-03-11 6:00,0.5,75
2025-03-11 7:00,0.4,77
2025-03-11 8:00,0.7,75
2025-03-11 9:00,6.6,65
2025-03-11 10:00,13.2,58
2025-03-11 11:00,17.8,48
2025-03-11 12:00,21.8,45
2025-03-11 13:00,23.3,42
2025-03-11 14:00,23.8,40
2025-03-11 15:00,22.7,36
2025-03-11 16:00,19.8,36
2025-03-11 17:00,15.1,36
2025-03-11 18:00,11,47
2025-03-11 19:00,8.3,54
2025-03-11 20:00,6.9,56
2025-03-11 21:00,5.9,59
2025-03-11 22:00,5.6,60
2025-03-11 23:00,5.2,63
2025-03-12 0:00,4,64
2025-03-12 1:00,4.3,69
2025-03-12 2:00,4,70
2025-03-12 3:00,4,70
2025-03-12 4:00,3.8,69
2025-03-12 5:00,3.8,69
2025-03-12 6:00,4,69
2025-03-12 7:00,4.6,70
2025-03-12 8:00,5.6,70
2025-03-12 9:00,7.9,66
2025-03-12 10:00,9.3,62
2025-03-12 11:00,11.5,56
2025-03-12 12:00,13.7,52
2025-03-12 13:00,12.3,56
2025-03-12 14:00,12.2,55
2025-03-12 15:00,10.9,59
2025-03-12 16:00,9.7,75
2025-03-12 17:00,8.7,86
2025-03-12 18:00,8.2,88
2025-03-12 19:00,7.7,89
2025-03-12 20:00,7.4,88
2025-03-12 21:00,7.2,88
2025-03-12 22:00,6.9,89
2025-03-12 23:00,6.5,87
2025-03-13 0:00,4.8,86
2025-03-13 1:00,3.7,89
2025-03-13 2:00,3.4,92
2025-03-13 3:00,2.7,89
2025-03-13 4:00,2,92
2025-03-13 5:00,1.6,92
2025-03-13 6:00,1,92
2025-03-13 7:00,0.8,93
2025-03-13 8:00,1.6,95
2025-03-13 9:00,7.7,93
2025-03-13 10:00,14.2,73
2025-03-13 11:00,18.5,45
2025-03-13 12:00,19.3,34
2025-03-13 13:00,21.2,27
2025-03-13 14:00,22.7,25
2025-03-13 15:00,21.5,23
2025-03-13 16:00,18.2,24
2025-03-13 17:00,14.3,24
2025-03-13 18:00,9.8,26
2025-03-13 19:00,7,32
2025-03-13 20:00,5.5,34
2025-03-13 21:00,4.9,36
2025-03-13 22:00,4.3,39
2025-03-13 23:00,3.7,43
2025-03-14 0:00,3.7,44
2025-03-14 1:00,3.4,44
2025-03-14 2:00,2.7,44
2025-03-14 3:00,1.9,46
2025-03-14 4:00,1.4,44
2025-03-14 5:00,1.1,48
2025-03-14 6:00,0.7,46
2025-03-14 7:00,0.5,51
2025-03-14 8:00,2.2,45
2025-03-14 9:00,7.4,36
2025-03-14 10:00,13.5,27
2025-03-14 11:00,18.4,22
2025-03-14 12:00,22.4,21
2025-03-14 13:00,24.5,20
2025-03-14 14:00,25.5,18
2025-03-14 15:00,25.2,18
2025-03-14 16:00,22,18
2025-03-14 17:00,17.1,19
2025-03-14 18:00,12.7,23
2025-03-14 19:00,9.8,26
2025-03-14 20:00,8.4,28
2025-03-14 21:00,7.6,30
2025-03-14 22:00,6.9,31
2025-03-14 23:00,6.4,33
2025-03-15 0:00,6.6,31
2025-03-15 1:00,6.6,33
2025-03-15 2:00,6.5,36
2025-03-15 3:00,6.4,37
2025-03-15 4:00,6.3,44
2025-03-15 5:00,6.2,47
2025-03-15 6:00,6.1,47
2025-03-15 7:00,5.9,47
2025-03-15 8:00,6.7,47
2025-03-15 9:00,8.4,42
2025-03-15 10:00,12.4,39
2025-03-15 11:00,14.2,32
2025-03-15 12:00,20.8,27
2025-03-15 13:00,23.2,27
2025-03-15 14:00,25.5,26
2025-03-15 15:00,24.4,25
2025-03-15 16:00,20.4,24
2025-03-15 17:00,17.1,24
2025-03-15 18:00,13,26
2025-03-15 19:00,10.2,42
2025-03-15 20:00,9,49
2025-03-15 21:00,8.7,51
2025-03-15 22:00,8.6,52
2025-03-15 23:00,8.4,54
2025-03-16 0:00,7.9,58
2025-03-16 1:00,7.5,53
2025-03-16 2:00,7.2,53
2025-03-16 3:00,7,56
2025-03-16 4:00,6.5,65
2025-03-16 5:00,6.4,76
2025-03-16 6:00,6.3,75
2025-03-16 7:00,6.2,83
2025-03-16 8:00,6.2,83
2025-03-16 9:00,6.5,86
2025-03-16 10:00,7.2,88
2025-03-16 11:00,6.6,81
2025-03-16 12:00,7,73
2025-03-16 13:00,10.7,61
2025-03-16 14:00,14.5,49
2025-03-16 15:00,13.5,38
2025-03-16 16:00,12.4,35
2025-03-16 17:00,9.6,29
2025-03-16 18:00,5.2,32
2025-03-16 19:00,2.9,36
2025-03-16 20:00,1.9,40
2025-03-16 21:00,1.2,42
2025-03-16 22:00,1.2,43
2025-03-16 23:00,0.3,45
2025-03-17 0:00,-0.3,48
2025-03-17 1:00,0.1,46
2025-03-17 2:00,-0.1,46
2025-03-17 3:00,-0.5,47
2025-03-17 4:00,-0.8,48
2025-03-17 5:00,-1.1,51
2025-03-17 6:00,-1.3,51
2025-03-17 7:00,-1.5,48
2025-03-17 8:00,-0.9,45
2025-03-17 9:00,0.7,41
2025-03-17 10:00,9.4,36
2025-03-17 11:00,15.1,31
2025-03-17 12:00,17,25
2025-03-17 13:00,18.9,27
2025-03-17 14:00,19.1,27
2025-03-17 15:00,16.8,30
2025-03-17 16:00,14.1,32
2025-03-17 17:00,9.2,33
2025-03-17 18:00,6,36
2025-03-17 19:00,4.1,36
2025-03-17 20:00,3.7,45
2025-03-17 21:00,3.5,52
2025-03-17 22:00,3.3,48
2025-03-17 23:00,3.2,48
2025-03-18 0:00,1.8,86
2025-03-18 1:00,1.5,91
2025-03-18 2:00,1.3,92
2025-03-18 3:00,1.3,93
2025-03-18 4:00,1.3,92
2025-03-18 5:00,1.1,92
2025-03-18 6:00,1.2,92
2025-03-18 7:00,1.1,94
2025-03-18 8:00,0.9,94
2025-03-18 9:00,0.9,86
2025-03-18 10:00,0.9,78
2025-03-18 11:00,0.9,74
2025-03-18 12:00,1,79
2025-03-18 13:00,0.9,74
2025-03-18 14:00,4,62
2025-03-18 15:00,8.3,55
2025-03-18 16:00,8.1,50
2025-03-18 17:00,4.9,51
2025-03-18 18:00,3.2,55
2025-03-18 19:00,2.5,64
2025-03-18 20:00,1.3,53
2025-03-18 21:00,0.5,52
2025-03-18 22:00,0.3,51
2025-03-18 23:00,0.2,51
2025-03-19 0:00,0.2,53
2025-03-19 1:00,-0.2,54
2025-03-19 2:00,-0.8,56
2025-03-19 3:00,-1.3,60
2025-03-19 4:00,-1.5,63
2025-03-19 5:00,-1.8,66
2025-03-19 6:00,-2,68
2025-03-19 7:00,-1.9,65
2025-03-19 8:00,-1,62
2025-03-19 9:00,-0.3,47
2025-03-19 10:00,4.6,44
2025-03-19 11:00,13.1,34
2025-03-19 12:00,16.7,26
2025-03-19 13:00,18.2,29
2025-03-19 14:00,18.6,30
2025-03-19 15:00,18,30
2025-03-19 16:00,15.4,30
2025-03-19 17:00,11.1,32
2025-03-19 18:00,5.7,39
2025-03-19 19:00,3.1,52
2025-03-19 20:00,1.7,56
2025-03-19 21:00,0.9,60
2025-03-19 22:00,0.3,63
2025-03-19 23:00,0.6,63
2025-03-20 0:00,0.7,66
2025-03-20 1:00,0.8,67
2025-03-20 2:00,1.8,66
2025-03-20 3:00,2.1,65
2025-03-20 4:00,2.3,65
2025-03-20 5:00,2.4,66
2025-03-20 6:00,1.6,66
2025-03-20 7:00,1.4,67
2025-03-20 8:00,2.2,69
2025-03-20 9:00,6.1,66
2025-03-20 10:00,8.5,63
2025-03-20 11:00,11.3,63
2025-03-20 12:00,18.1,60
2025-03-20 13:00,21,52
2025-03-20 14:00,21.9,46
2025-03-20 15:00,20.9,45
2025-03-20 16:00,18.1,42
2025-03-20 17:00,14.4,43
2025-03-20 18:00,10,52
2025-03-20 19:00,7.6,60
2025-03-20 20:00,6.4,65
2025-03-20 21:00,5.8,70
2025-03-20 22:00,5.6,73
2025-03-20 23:00,5.3,76
2025-03-21 0:00,6,78
2025-03-21 1:00,6.2,79
2025-03-21 2:00,6.2,81
2025-03-21 3:00,6.3,81
2025-03-21 4:00,6.3,83
2025-03-21 5:00,6.3,84
2025-03-21 6:00,6.3,83
2025-03-21 7:00,6.4,82
2025-03-21 8:00,7.3,82
2025-03-21 9:00,9.9,78
2025-03-21 10:00,16,67
2025-03-21 11:00,20.1,58
2025-03-21 12:00,23.2,52
2025-03-21 13:00,25.2,45
2025-03-21 14:00,25.6,39
2025-03-21 15:00,24.4,37
2025-03-21 16:00,21.6,34
2025-03-21 17:00,17.8,36
2025-03-21 18:00,12.7,38
2025-03-21 19:00,9.9,46
2025-03-21 20:00,8.3,51
2025-03-21 21:00,7.3,55
2025-03-21 22:00,6.7,66
2025-03-21 23:00,5.9,68
2025-03-22 0:00,5.3,66
2025-03-22 1:00,4.9,66
2025-03-22 2:00,4.7,68
2025-03-22 3:00,4.2,68
2025-03-22 4:00,3.7,72
2025-03-22 5:00,3.4,73
2025-03-22 6:00,3.1,75
2025-03-22 7:00,3.2,76
2025-03-22 8:00,5.1,73
2025-03-22 9:00,11.6,65
2025-03-22 10:00,17,56
2025-03-22 11:00,21.1,49
2025-03-22 12:00,24.3,43
2025-03-22 13:00,26.2,36
2025-03-22 14:00,25.6,34
2025-03-22 15:00,24.4,32
2025-03-22 16:00,22,27
2025-03-22 17:00,18.6,32
2025-03-22 18:00,13.8,36
2025-03-22 19:00,10.8,41
2025-03-22 20:00,9.1,47
2025-03-22 21:00,8.3,50
2025-03-22 22:00,7.7,54
2025-03-22 23:00,7,58
2025-03-23 0:00,6.5,61
2025-03-23 1:00,6.1,64
2025-03-23 2:00,5.5,67
2025-03-23 3:00,4.9,70
2025-03-23 4:00,4.4,72
2025-03-23 5:00,4.1,74
2025-03-23 6:00,3.6,75
2025-03-23 7:00,4,75
2025-03-23 8:00,5.9,70
2025-03-23 9:00,12.5,58
2025-03-23 10:00,18.1,49
2025-03-23 11:00,22.6,43
2025-03-23 12:00,26.5,38
2025-03-23 13:00,28.2,28
2025-03-23 14:00,28.8,26
2025-03-23 15:00,26,26
2025-03-23 16:00,22.6,29
2025-03-23 17:00,18.2,27
2025-03-23 18:00,15.3,37
2025-03-23 19:00,12.7,43
2025-03-23 20:00,11,47
2025-03-23 21:00,10.2,44
2025-03-23 22:00,9.8,45
2025-03-23 23:00,9.6,45
2025-03-24 0:00,9.5,44
2025-03-24 1:00,9.1,46
2025-03-24 2:00,8.8,42
2025-03-24 3:00,8.7,43
2025-03-24 4:00,8,44
2025-03-24 5:00,7.5,45
2025-03-24 6:00,8,40
2025-03-24 7:00,8.6,45
2025-03-24 8:00,10,50
2025-03-24 9:00,13.3,54
2025-03-24 10:00,17.7,52
2025-03-24 11:00,22.2,50
2025-03-24 12:00,25,48
2025-03-24 13:00,27.2,46
2025-03-24 14:00,27.1,44
2025-03-24 15:00,25.2,49
2025-03-24 16:00,22.4,48
2025-03-24 17:00,18.4,53
2025-03-24 18:00,15.5,60
2025-03-24 19:00,13,64
2025-03-24 20:00,11.8,68
2025-03-24 21:00,10.9,74
2025-03-24 22:00,10.1,77
2025-03-24 23:00,10.2,81
2025-03-25 0:00,10.4,81
2025-03-25 1:00,10.1,80
2025-03-25 2:00,9,79
2025-03-25 3:00,9.1,82
2025-03-25 4:00,9.3,78
2025-03-25 5:00,9.1,77
2025-03-25 6:00,8.8,77
2025-03-25 7:00,8.5,78
2025-03-25 8:00,10.1,77
2025-03-25 9:00,13.9,71
2025-03-25 10:00,15.5,67
2025-03-25 11:00,18.6,58
2025-03-25 12:00,22.5,44
2025-03-25 13:00,21.6,40
2025-03-25 14:00,22.8,33
2025-03-25 15:00,20.1,47
2025-03-25 16:00,17.1,54
2025-03-25 17:00,14.7,55
2025-03-25 18:00,12.5,54
2025-03-25 19:00,10,56
2025-03-25 20:00,8.5,59
2025-03-25 21:00,7.6,62
2025-03-25 22:00,7.1,66
2025-03-25 23:00,6.6,68
2025-03-26 0:00,6.2,71
2025-03-26 1:00,5.8,73
2025-03-26 2:00,5.5,72
2025-03-26 3:00,4.8,74
2025-03-26 4:00,4.4,76
2025-03-26 5:00,4,78
2025-03-26 6:00,3.9,80
2025-03-26 7:00,4.4,79
2025-03-26 8:00,6.6,74
2025-03-26 9:00,12.1,63
2025-03-26 10:00,17.7,51
2025-03-26 11:00,22.9,42
2025-03-26 12:00,26.4,36
2025-03-26 13:00,28.4,30
2025-03-26 14:00,28.5,26
2025-03-26 15:00,27.3,24
2025-03-26 16:00,25.5,22
2025-03-26 17:00,20.5,21
2025-03-26 18:00,17.3,22
2025-03-26 19:00,14.2,23
2025-03-26 20:00,12.4,28
2025-03-26 21:00,11.6,29
2025-03-26 22:00,10.7,31
2025-03-26 23:00,10.7,35
2025-03-27 0:00,11.4,43
2025-03-27 1:00,11.8,51
2025-03-27 2:00,12.6,58
2025-03-27 3:00,12.6,60
2025-03-27 4:00,12.5,65
2025-03-27 5:00,12.4,67
2025-03-27 6:00,12.4,71
2025-03-27 7:00,11.9,86
2025-03-27 8:00,12.1,89
2025-03-27 9:00,12.2,89
2025-03-27 10:00,14.2,89
2025-03-27 11:00,15.3,84
2025-03-27 12:00,15.4,85
2025-03-27 13:00,15.1,78
2025-03-27 14:00,20.6,69
2025-03-27 15:00,21.6,57
2025-03-27 16:00,19.9,42
2025-03-27 17:00,15.8,31
2025-03-27 18:00,13.1,40
2025-03-27 19:00,10.9,41
2025-03-27 20:00,10,46
2025-03-27 21:00,9.5,51
2025-03-27 22:00,8.4,71
2025-03-27 23:00,7.4,72
2025-03-28 0:00,6.8,68
2025-03-28 1:00,6,64
2025-03-28 2:00,5.4,64
2025-03-28 3:00,4.6,61
2025-03-28 4:00,3.8,61
2025-03-28 5:00,3.3,60
2025-03-28 6:00,2.9,60
2025-03-28 7:00,3.3,58
2025-03-28 8:00,5.1,57
2025-03-28 9:00,6.4,58
2025-03-28 10:00,11.1,54
2025-03-28 11:00,18,45
2025-03-28 12:00,23.3,43
2025-03-28 13:00,26.5,27
2025-03-28 14:00,26.6,22
2025-03-28 15:00,24,20
2025-03-28 16:00,20.7,18
2025-03-28 17:00,15.9,21
2025-03-28 18:00,10,19
2025-03-28 19:00,6.8,22
2025-03-28 20:00,5.2,29
2025-03-28 21:00,4,36
2025-03-28 22:00,3.2,37
2025-03-28 23:00,2.7,35
2025-03-29 0:00,1.7,36
2025-03-29 1:00,1,34
2025-03-29 2:00,0.8,36
2025-03-29 3:00,0.5,39
2025-03-29 4:00,0.3,42
2025-03-29 5:00,0.1,44
2025-03-29 6:00,-0.2,46
2025-03-29 7:00,-0.2,52
2025-03-29 8:00,1.3,53
2025-03-29 9:00,7.6,51
2025-03-29 10:00,10.3,59
2025-03-29 11:00,11.6,79
2025-03-29 12:00,11,64
2025-03-29 13:00,19,48
2025-03-29 14:00,10.8,49
2025-03-29 15:00,16,29
2025-03-29 16:00,15,19
2025-03-29 17:00,11.9,20
2025-03-29 18:00,6.1,22
2025-03-29 19:00,3.2,24
2025-03-29 20:00,1.7,27
2025-03-29 21:00,0.8,29
2025-03-29 22:00,0.6,33
2025-03-29 23:00,0.4,39
2025-03-30 0:00,0.2,46
2025-03-30 1:00,-0.1,50
2025-03-30 2:00,-0.3,52
2025-03-30 3:00,-0.5,56
2025-03-30 4:00,-0.8,62
2025-03-30 5:00,-1,65
2025-03-30 6:00,-1.3,65
2025-03-30 7:00,-1.3,68
2025-03-30 8:00,-0.3,49
2025-03-30 9:00,5.8,35
2025-03-30 10:00,13.1,41
2025-03-30 11:00,12.5,43
2025-03-30 12:00,10.5,50
2025-03-30 13:00,12.1,65
2025-03-30 14:00,13,55
2025-03-30 15:00,9.6,65
2025-03-30 16:00,8.6,57
2025-03-30 17:00,11.5,35
2025-03-30 18:00,6.5,32
2025-03-30 19:00,4,41
2025-03-30 20:00,2.7,45
2025-03-30 21:00,2.1,49
2025-03-30 22:00,2.2,52
2025-03-30 23:00,2.2,54
2025-03-31 0:00,1.6,57
2025-03-31 1:00,1.3,58
2025-03-31 2:00,0.6,59
2025-03-31 3:00,0.5,62
2025-03-31 4:00,0.6,66
2025-03-31 5:00,0.5,67
2025-03-31 6:00,0.2,70
2025-03-31 7:00,0.2,70
2025-03-31 8:00,1.7,66
2025-03-31 9:00,9.9,61
2025-03-31 10:00,16.6,59
2025-03-31 11:00,21.4,48
2025-03-31 12:00,25.2,42
2025-03-31 13:00,27,40
2025-03-31 14:00,26.8,36
2025-03-31 15:00,25.2,29
2025-03-31 16:00,21.3,26
2025-03-31 17:00,16.4,21
2025-03-31 18:00,11.6,24
2025-03-31 19:00,8.3,25
2025-03-31 20:00,6.5,33
2025-03-31 21:00,5.6,44
2025-03-31 22:00,5,56
2025-03-31 23:00,4.4,65
2025-04-01 0:00,4.1,72
2025-04-01 1:00,3.4,73
2025-04-01 2:00,3,77
2025-04-01 3:00,2.5,80
2025-04-01 4:00,2.1,80
2025-04-01 5:00,1.9,84
2025-04-01 6:00,1.6,83
2025-04-01 7:00,2.1,84
2025-04-01 8:00,5.2,79
2025-04-01 9:00,10.5,72
2025-04-01 10:00,17.7,64
2025-04-01 11:00,23.1,52
2025-04-01 12:00,26.9,43
2025-04-01 13:00,29.1,36
2025-04-01 14:00,29.8,30
2025-04-01 15:00,27.6,28
2025-04-01 16:00,24.7,27
2025-04-01 17:00,19.8,26
2025-04-01 18:00,13.7,26
2025-04-01 19:00,10.4,35
2025-04-01 20:00,8.3,38
2025-04-01 21:00,7,42
2025-04-01 22:00,5.8,46
2025-04-01 23:00,5.1,47
2025-04-02 0:00,4.4,50
2025-04-02 1:00,3.8,51
2025-04-02 2:00,3.8,60
2025-04-02 3:00,3.5,67
2025-04-02 4:00,2.8,65
2025-04-02 5:00,2.6,66
2025-04-02 6:00,2.2,61
2025-04-02 7:00,3.2,62
2025-04-02 8:00,6.5,62
2025-04-02 9:00,12.4,53
2025-04-02 10:00,18.5,46
2025-04-02 11:00,21.9,36
2025-04-02 12:00,18.4,34
2025-04-02 13:00,14.9,31
2025-04-02 14:00,17.2,23
2025-04-02 15:00,13.3,30
2025-04-02 16:00,12.7,49
2025-04-02 17:00,11.1,63
2025-04-02 18:00,10,58
2025-04-02 19:00,8.9,57
2025-04-02 20:00,8.3,58
2025-04-02 21:00,7.8,66
2025-04-02 22:00,7.2,71
2025-04-02 23:00,6.3,73
2025-04-03 0:00,6.3,74
2025-04-03 1:00,5.3,73
2025-04-03 2:00,4.4,77
2025-04-03 3:00,3.7,77
2025-04-03 4:00,3,78
2025-04-03 5:00,2.7,79
2025-04-03 6:00,2.1,81
2025-04-03 7:00,2.6,81
2025-04-03 8:00,6.4,78
2025-04-03 9:00,12.9,67
2025-04-03 10:00,19.4,53
2025-04-03 11:00,24.9,47
2025-04-03 12:00,28.8,39
2025-04-03 13:00,30.9,32
2025-04-03 14:00,30.8,30
2025-04-03 15:00,28.5,30
2025-04-03 16:00,25,39
2025-04-03 17:00,19.5,43
2025-04-03 18:00,13.9,43
2025-04-03 19:00,10.7,50
2025-04-03 20:00,8.7,54
2025-04-03 21:00,7.6,62
2025-04-03 22:00,6.5,65
2025-04-03 23:00,5.6,68
2025-04-04 0:00,5.1,70
2025-04-04 1:00,5.2,69
2025-04-04 2:00,4.7,72
2025-04-04 3:00,4.2,73
2025-04-04 4:00,4,78
2025-04-04 5:00,4.1,82
2025-04-04 6:00,4.4,80
2025-04-04 7:00,4.3,83
2025-04-04 8:00,7.8,78
2025-04-04 9:00,14,66
2025-04-04 10:00,19.9,56
2025-04-04 11:00,25.9,48
2025-04-04 12:00,29.3,44
2025-04-04 13:00,31,38
2025-04-04 14:00,30.9,31
2025-04-04 15:00,28.6,32
2025-04-04 16:00,25.2,35
2025-04-04 17:00,19.9,34
2025-04-04 18:00,14.3,33
2025-04-04 19:00,10.9,36
2025-04-04 20:00,9,43
2025-04-04 21:00,7.8,50
2025-04-04 22:00,7.3,54
2025-04-04 23:00,7.9,57
2025-04-05 0:00,8.1,58
2025-04-05 1:00,8.1,60
2025-04-05 2:00,7.8,69
2025-04-05 3:00,7.6,71
2025-04-05 4:00,7.5,68
2025-04-05 5:00,7.8,68
2025-04-05 6:00,7.9,69
2025-04-05 7:00,8.2,70
2025-04-05 8:00,8.5,79
2025-04-05 9:00,8.5,87
2025-04-05 10:00,8.5,89
2025-04-05 11:00,8.6,85
2025-04-05 12:00,9.3,90
2025-04-05 13:00,9.3,90
2025-04-05 14:00,8.9,90
2025-04-05 15:00,9.8,89
2025-04-05 16:00,9.3,90
2025-04-05 17:00,8.4,91
2025-04-05 18:00,8.2,95
2025-04-05 19:00,7.8,94
2025-04-05 20:00,7.6,94
2025-04-05 21:00,7.6,94
2025-04-05 22:00,7.7,92
2025-04-05 23:00,7.8,91
2025-04-06 0:00,7.7,94
2025-04-06 1:00,7.4,94
2025-04-06 2:00,7.4,92
2025-04-06 3:00,7.3,93
2025-04-06 4:00,7.2,92
2025-04-06 5:00,7.1,92
2025-04-06 6:00,6.8,86
2025-04-06 7:00,6.6,86
2025-04-06 8:00,8.5,85
2025-04-06 9:00,9.2,85
2025-04-06 10:00,17.7,76
2025-04-06 11:00,22.9,65
2025-04-06 12:00,25.7,52
2025-04-06 13:00,26.2,41
2025-04-06 14:00,26.6,39
2025-04-06 15:00,25.2,38
2025-04-06 16:00,22,39
2025-04-06 17:00,17.3,40
2025-04-06 18:00,12.3,42
2025-04-06 19:00,9.6,49
2025-04-06 20:00,8,57
2025-04-06 21:00,7.2,64
2025-04-06 22:00,6.5,71
2025-04-06 23:00,6,75
2025-04-07 0:00,5.5,78
2025-04-07 1:00,4.9,78
2025-04-07 2:00,4.5,81
2025-04-07 3:00,4.2,82
2025-04-07 4:00,3.7,81
2025-04-07 5:00,3.5,84
2025-04-07 6:00,3.1,87
2025-04-07 7:00,3.8,87
2025-04-07 8:00,8.4,84
2025-04-07 9:00,15,69
2025-04-07 10:00,20.6,53
2025-04-07 11:00,25.1,42
2025-04-07 12:00,27,31
2025-04-07 13:00,27.9,31
2025-04-07 14:00,27.3,31
2025-04-07 15:00,25.2,29
2025-04-07 16:00,22.5,32
2025-04-07 17:00,18.7,36
2025-04-07 18:00,14.4,41
2025-04-07 19:00,12.3,46
2025-04-07 20:00,11,47
2025-04-07 21:00,11.2,46
2025-04-07 22:00,10.2,45
2025-04-07 23:00,9.9,48
2025-04-08 0:00,9.3,51
2025-04-08 1:00,9.8,56
2025-04-08 2:00,10.1,65
2025-04-08 3:00,10.1,74
2025-04-08 4:00,10.1,77
2025-04-08 5:00,9.9,79
2025-04-08 6:00,9.7,80
2025-04-08 7:00,9.4,81
2025-04-08 8:00,10.9,81
2025-04-08 9:00,14.5,76
2025-04-08 10:00,21.2,70
2025-04-08 11:00,25.8,52
2025-04-08 12:00,26.5,42
2025-04-08 13:00,27.7,30
2025-04-08 14:00,28.1,34
2025-04-08 15:00,27.5,34
2025-04-08 16:00,24.8,36
2025-04-08 17:00,20.2,36
2025-04-08 18:00,14.8,38
2025-04-08 19:00,11.6,39
2025-04-08 20:00,10.1,41
2025-04-08 21:00,9.2,42
2025-04-08 22:00,8.6,46
2025-04-08 23:00,7.9,50
2025-04-09 0:00,7.4,54
2025-04-09 1:00,6.8,59
2025-04-09 2:00,6.3,61
2025-04-09 3:00,6.2,64
2025-04-09 4:00,6.2,66
2025-04-09 5:00,6,65
2025-04-09 6:00,5.6,65
2025-04-09 7:00,7.3,67
2025-04-09 8:00,10.7,60
2025-04-09 9:00,13.6,50
2025-04-09 10:00,15.5,45
2025-04-09 11:00,17.5,42
2025-04-09 12:00,19.6,38
2025-04-09 13:00,24.9,33
2025-04-09 14:00,22.1,32
2025-04-09 15:00,18.1,32
2025-04-09 16:00,13.6,33
2025-04-09 17:00,13.7,36
2025-04-09 18:00,13.1,38
2025-04-09 19:00,11.5,48
2025-04-09 20:00,10.8,69
2025-04-09 21:00,10.4,61
2025-04-09 22:00,10.3,59
2025-04-09 23:00,10.1,62
2025-04-10 0:00,9.7,65
2025-04-10 1:00,9.4,68
2025-04-10 2:00,9,68
2025-04-10 3:00,9,72
2025-04-10 4:00,8.8,71
2025-04-10 5:00,7.8,70
2025-04-10 6:00,6.5,76
2025-04-10 7:00,7.1,81
2025-04-10 8:00,10.9,79
2025-04-10 9:00,16,71
2025-04-10 10:00,21.2,58
2025-04-10 11:00,25.3,57
2025-04-10 12:00,28,50
2025-04-10 13:00,22.7,44
2025-04-10 14:00,26,42
2025-04-10 15:00,29.1,41
2025-04-10 16:00,23.3,44
2025-04-10 17:00,19.3,47
2025-04-10 18:00,15.1,51
2025-04-10 19:00,12,54
2025-04-10 20:00,10.4,54
2025-04-10 21:00,9.5,57
2025-04-10 22:00,8.7,61
2025-04-10 23:00,8.1,65
2025-04-11 0:00,7.6,67
2025-04-11 1:00,7.1,68
2025-04-11 2:00,6.7,71
2025-04-11 3:00,6.3,72
2025-04-11 4:00,6.4,78
2025-04-11 5:00,5.9,79
2025-04-11 6:00,5.5,80
2025-04-11 7:00,6.4,82
2025-04-11 8:00,11.5,75
2025-04-11 9:00,18.2,64
2025-04-11 10:00,24,54
2025-04-11 11:00,28.5,44
2025-04-11 12:00,31.3,39
2025-04-11 13:00,33.6,28
2025-04-11 14:00,34.5,27
2025-04-11 15:00,32.3,30
2025-04-11 16:00,28.8,30
2025-04-11 17:00,24.2,32
2025-04-11 18:00,18.6,31
2025-04-11 19:00,14.9,35
2025-04-11 20:00,13.2,42
2025-04-11 21:00,12.1,44
2025-04-11 22:00,11.2,49
2025-04-11 23:00,10.4,51
2025-04-12 0:00,9.8,54
2025-04-12 1:00,9.7,56
2025-04-12 2:00,9.7,56
2025-04-12 3:00,9.7,57
2025-04-12 4:00,9.5,59
2025-04-12 5:00,9.7,59
2025-04-12 6:00,9.6,57
2025-04-12 7:00,10.4,59
2025-04-12 8:00,12.9,56
2025-04-12 9:00,16.6,50
2025-04-12 10:00,19.7,41
2025-04-12 11:00,23.2,30
2025-04-12 12:00,21.1,27
2025-04-12 13:00,17.6,32
2025-04-12 14:00,14.7,64
2025-04-12 15:00,14.8,74
2025-04-12 16:00,15.2,69
2025-04-12 17:00,13.6,59
2025-04-12 18:00,12.5,82
2025-04-12 19:00,10.5,88
2025-04-12 20:00,8.5,90
2025-04-12 21:00,7.1,90
2025-04-12 22:00,4.4,91
2025-04-12 23:00,0.9,94
2025-04-13 0:00,0.6,95
2025-04-13 1:00,0.4,96
2025-04-13 2:00,3,93
2025-04-13 3:00,3.8,95
2025-04-13 4:00,4.2,92
2025-04-13 5:00,4.3,94
2025-04-13 6:00,4.6,93
2025-04-13 7:00,5.4,92
2025-04-13 8:00,8.5,80
2025-04-13 9:00,10.9,58
2025-04-13 10:00,12.2,50
2025-04-13 11:00,11.6,65
2025-04-13 12:00,11.9,54
2025-04-13 13:00,10.9,64
2025-04-13 14:00,5.8,75
2025-04-13 15:00,7.2,78
2025-04-13 16:00,8.2,69
2025-04-13 17:00,7.6,59
2025-04-13 18:00,6.1,57
2025-04-13 19:00,4.3,56
2025-04-13 20:00,4.1,65
2025-04-13 21:00,4.2,68
2025-04-13 22:00,4.4,64
2025-04-13 23:00,4.2,66
2025-04-14 0:00,4.1,66
2025-04-14 1:00,3.5,67
2025-04-14 2:00,3.8,69
2025-04-14 3:00,0.8,85
2025-04-14 4:00,3,88
2025-04-14 5:00,2.3,90
2025-04-14 6:00,2.2,89
2025-04-14 7:00,3.6,88
2025-04-14 8:00,7.4,88
2025-04-14 9:00,8.4,82
2025-04-14 10:00,6.7,85
2025-04-14 11:00,8.4,83
2025-04-14 12:00,6.7,90
2025-04-14 13:00,9.4,88
2025-04-14 14:00,8.3,89
2025-04-14 15:00,9.2,88
2025-04-14 16:00,8.4,89
2025-04-14 17:00,7.6,89
2025-04-14 18:00,7.7,90
2025-04-14 19:00,6.3,88
2025-04-14 20:00,5.8,86
2025-04-14 21:00,4,87
2025-04-14 22:00,3.2,89
2025-04-14 23:00,2.7,90
2025-04-15 0:00,2.3,88
2025-04-15 1:00,2,89
2025-04-15 2:00,1.6,90
2025-04-15 3:00,1.1,89
2025-04-15 4:00,0.9,91
2025-04-15 5:00,0.5,92
2025-04-15 6:00,0.5,94
2025-04-15 7:00,1.6,93
2025-04-15 8:00,7.6,94
2025-04-15 9:00,13.9,80
2025-04-15 10:00,18.9,65
2025-04-15 11:00,22.1,55
2025-04-15 12:00,24.7,47
2025-04-15 13:00,25.1,43
2025-04-15 14:00,25.6,42
2025-04-15 15:00,23.6,44
2025-04-15 16:00,21.9,45
2025-04-15 17:00,16.9,50
2025-04-15 18:00,11,52
2025-04-15 19:00,8.7,57
2025-04-15 20:00,7.2,67
2025-04-15 21:00,6.5,71
2025-04-15 22:00,6,74
2025-04-15 23:00,5.6,80
2025-04-16 0:00,6.6,85
2025-04-16 1:00,6.4,85
2025-04-16 2:00,5.2,83
2025-04-16 3:00,5.2,85
2025-04-16 4:00,5.1,88
2025-04-16 5:00,5.3,88
2025-04-16 6:00,5.5,87
2025-04-16 7:00,6.2,86
2025-04-16 8:00,9.7,81
2025-04-16 9:00,14.5,71
2025-04-16 10:00,19.9,62
2025-04-16 11:00,24.2,54
2025-04-16 12:00,27.3,49
2025-04-16 13:00,26.6,44
2025-04-16 14:00,28.9,45
2025-04-16 15:00,23.8,39
2025-04-16 16:00,20.5,38
2025-04-16 17:00,18.9,38
2025-04-16 18:00,16.1,38
2025-04-16 19:00,13.3,36
2025-04-16 20:00,11.7,40
2025-04-16 21:00,11.1,46
2025-04-16 22:00,10.1,47
2025-04-16 23:00,9.7,49
2025-04-17 0:00,10.4,49
2025-04-17 1:00,10,50
2025-04-17 2:00,9.6,54
2025-04-17 3:00,10.1,64
2025-04-17 4:00,10.4,70
2025-04-17 5:00,11,73
2025-04-17 6:00,11.1,72
2025-04-17 7:00,12.4,75
2025-04-17 8:00,15,73
2025-04-17 9:00,17,71
2025-04-17 10:00,19.9,65
2025-04-17 11:00,22.7,61
2025-04-17 12:00,27.6,56
2025-04-17 13:00,28.3,51
2025-04-17 14:00,25,53
2025-04-17 15:00,26.2,53
2025-04-17 16:00,24,52
2025-04-17 17:00,20.9,55
2025-04-17 18:00,18.6,61
2025-04-17 19:00,16.9,65
2025-04-17 20:00,16,66
2025-04-17 21:00,14.8,62
2025-04-17 22:00,14.6,66
2025-04-17 23:00,14,68
2025-04-18 0:00,13.7,69
2025-04-18 1:00,13.3,67
2025-04-18 2:00,13.2,68
2025-04-18 3:00,12.9,72
2025-04-18 4:00,13.2,79
2025-04-18 5:00,13.7,82
2025-04-18 6:00,13.8,83
2025-04-18 7:00,14,84
2025-04-18 8:00,14.2,85
2025-04-18 9:00,14.9,87
2025-04-18 10:00,16.4,87
2025-04-18 11:00,18.5,83
2025-04-18 12:00,25,75
2025-04-18 13:00,29.1,67
2025-04-18 14:00,31.4,57
2025-04-18 15:00,30.7,48
2025-04-18 16:00,27.6,42
2025-04-18 17:00,23.1,38
2025-04-18 18:00,19.7,41
2025-04-18 19:00,17.2,54
2025-04-18 20:00,15.3,62
2025-04-18 21:00,14.1,66
2025-04-18 22:00,13.4,68
2025-04-18 23:00,13.3,68
2025-04-19 0:00,13.3,71
2025-04-19 1:00,13.3,72
2025-04-19 2:00,13.9,77
2025-04-19 3:00,13.8,78
2025-04-19 4:00,13.6,80
2025-04-19 5:00,14,86
2025-04-19 6:00,14.1,91
2025-04-19 7:00,14.4,93
2025-04-19 8:00,14.9,95
2025-04-19 9:00,16.2,94
2025-04-19 10:00,16.4,87
2025-04-19 11:00,18.8,79
2025-04-19 12:00,18.3,78
2025-04-19 13:00,18.9,77
2025-04-19 14:00,17.1,78
2025-04-19 15:00,15.4,91
2025-04-19 16:00,15.2,95
2025-04-19 17:00,14.5,94
2025-04-19 18:00,12.8,94
2025-04-19 19:00,12.6,93
2025-04-19 20:00,12.5,94
2025-04-19 21:00,12.4,94
2025-04-19 22:00,12.3,95
2025-04-19 23:00,11.9,95
2025-04-20 0:00,10.4,93
2025-04-20 1:00,9.5,93
2025-04-20 2:00,9,94
2025-04-20 3:00,8.6,95
2025-04-20 4:00,8,93
2025-04-20 5:00,7.5,94
2025-04-20 6:00,7.7,94
2025-04-20 7:00,9.1,96
2025-04-20 8:00,14.7,95
2025-04-20 9:00,17.5,89
2025-04-20 10:00,25.6,77
2025-04-20 11:00,28.1,67
2025-04-20 12:00,31.7,59
2025-04-20 13:00,33.6,55
2025-04-20 14:00,34.2,53
2025-04-20 15:00,32.2,50
2025-04-20 16:00,30.7,48
2025-04-20 17:00,26.6,47
2025-04-20 18:00,21.1,47
2025-04-20 19:00,17.9,47
2025-04-20 20:00,15.8,57
2025-04-20 21:00,14.6,57
2025-04-20 22:00,13.8,61
2025-04-20 23:00,13,65
2025-04-21 0:00,12.6,69
2025-04-21 1:00,12.1,70
2025-04-21 2:00,11.6,74
2025-04-21 3:00,11.3,76
2025-04-21 4:00,11.4,78
2025-04-21 5:00,11.1,80
2025-04-21 6:00,11.1,83
2025-04-21 7:00,12.2,83
2025-04-21 8:00,15.9,78
2025-04-21 9:00,20,70
2025-04-21 10:00,24.7,64
2025-04-21 11:00,31.2,61
2025-04-21 12:00,33.2,56
2025-04-21 13:00,29.2,52
2025-04-21 14:00,34.8,43
2025-04-21 15:00,34.6,42
2025-04-21 16:00,28.8,43
2025-04-21 17:00,26.5,47
2025-04-21 18:00,22.5,49
2025-04-21 19:00,20.4,59
2025-04-21 20:00,18.9,67
2025-04-21 21:00,18.2,70
2025-04-21 22:00,17.3,73
2025-04-21 23:00,17.6,74
2025-04-22 0:00,17.5,76
2025-04-22 1:00,17.6,76
2025-04-22 2:00,17.6,77
2025-04-22 3:00,17.4,80
2025-04-22 4:00,17.3,80
2025-04-22 5:00,17.3,81
2025-04-22 6:00,17.2,89
2025-04-22 7:00,17.1,92
2025-04-22 8:00,17.4,92
2025-04-22 9:00,17.8,92
2025-04-22 10:00,17.7,94
2025-04-22 11:00,18.4,93
2025-04-22 12:00,18.1,93
2025-04-22 13:00,18.5,93
2025-04-22 14:00,18,94
2025-04-22 15:00,19,94
2025-04-22 16:00,19.8,92
2025-04-22 17:00,18.8,89
2025-04-22 18:00,18.3,89
2025-04-22 19:00,16.9,87
2025-04-22 20:00,16.4,84
2025-04-22 21:00,14.5,85
2025-04-22 22:00,13.5,88
2025-04-22 23:00,13,88
2025-04-23 0:00,12.3,80
2025-04-23 1:00,11.5,82
2025-04-23 2:00,11,83
2025-04-23 3:00,10.6,84
2025-04-23 4:00,10.1,81
2025-04-23 5:00,9.5,84
2025-04-23 6:00,9.5,87
2025-04-23 7:00,10.7,85
2025-04-23 8:00,15.6,75
2025-04-23 9:00,20.8,64
2025-04-23 10:00,22.2,59
2025-04-23 11:00,27.4,50
2025-04-23 12:00,31.9,47
2025-04-23 13:00,31.7,43
2025-04-23 14:00,32.6,37
2025-04-23 15:00,29.4,46
2025-04-23 16:00,28.6,43
2025-04-23 17:00,25,45
2025-04-23 18:00,19.5,45
2025-04-23 19:00,16.6,50
2025-04-23 20:00,14.6,53
2025-04-23 21:00,13.5,58
2025-04-23 22:00,12.7,64
2025-04-23 23:00,12.1,65
2025-04-24 0:00,11.6,68
2025-04-24 1:00,11.3,75
2025-04-24 2:00,10.9,79
2025-04-24 3:00,10.5,80
2025-04-24 4:00,10.2,82
2025-04-24 5:00,9.9,85
2025-04-24 6:00,9.6,85
2025-04-24 7:00,10.8,81
2025-04-24 8:00,15.3,71
2025-04-24 9:00,21.3,64
2025-04-24 10:00,25.9,53
2025-04-24 11:00,29.3,51
2025-04-24 12:00,32.9,42
2025-04-24 13:00,34.4,40
2025-04-24 14:00,35.5,43
2025-04-24 15:00,34.8,44
2025-04-24 16:00,31,49
2025-04-24 17:00,25.3,42
2025-04-24 18:00,17.4,25
2025-04-24 19:00,14.1,37
2025-04-24 20:00,11.8,30
2025-04-24 21:00,10.3,31
2025-04-24 22:00,9.4,34
2025-04-24 23:00,8.5,38
2025-04-25 0:00,7.9,48
2025-04-25 1:00,7.3,49
2025-04-25 2:00,6.6,49
2025-04-25 3:00,6,52
2025-04-25 4:00,5.6,54
2025-04-25 5:00,5.2,58
2025-04-25 6:00,5.1,57
2025-04-25 7:00,7.4,56
2025-04-25 8:00,13.8,54
2025-04-25 9:00,19.6,43
2025-04-25 10:00,26,29
2025-04-25 11:00,30.9,23
2025-04-25 12:00,33,22
2025-04-25 13:00,34.8,22
2025-04-25 14:00,35.7,27
2025-04-25 15:00,34,24
2025-04-25 16:00,29.2,23
2025-04-25 17:00,23.7,24
2025-04-25 18:00,16.5,28
2025-04-25 19:00,13,32
2025-04-25 20:00,10.8,38
2025-04-25 21:00,9.3,37
2025-04-25 22:00,8.1,34
2025-04-25 23:00,7.3,36
2025-04-26 0:00,6.7,44
2025-04-26 1:00,6.3,45
2025-04-26 2:00,5.8,48
2025-04-26 3:00,5.8,55
2025-04-26 4:00,5.6,68
2025-04-26 5:00,5.3,71
2025-04-26 6:00,5.3,73
2025-04-26 7:00,7.7,67
2025-04-26 8:00,14.3,60
2025-04-26 9:00,21.3,52
2025-04-26 10:00,28,45
2025-04-26 11:00,33.5,40
2025-04-26 12:00,36.4,38
2025-04-26 13:00,38.9,38
2025-04-26 14:00,39.4,39
2025-04-26 15:00,36.8,43
2025-04-26 16:00,31.3,46
2025-04-26 17:00,25.5,48
2025-04-26 18:00,19.3,50
2025-04-26 19:00,15.9,56
2025-04-26 20:00,13.5,57
2025-04-26 21:00,12.5,58
2025-04-26 22:00,11.5,56
2025-04-26 23:00,10.4,56
2025-04-27 0:00,9.5,56
2025-04-27 1:00,8.8,59
2025-04-27 2:00,8.4,61
2025-04-27 3:00,8,62
2025-04-27 4:00,7.7,58
2025-04-27 5:00,7.3,54
2025-04-27 6:00,7.4,49
2025-04-27 7:00,9.4,47
2025-04-27 8:00,15.8,41
2025-04-27 9:00,21.2,39
2025-04-27 10:00,24.3,39
2025-04-27 11:00,27.8,33
2025-04-27 12:00,27.4,34
2025-04-27 13:00,27.9,34
2025-04-27 14:00,32.5,37
2025-04-27 15:00,29.7,40
2025-04-27 16:00,24.7,41
2025-04-27 17:00,22.2,42
2025-04-27 18:00,18.5,42
2025-04-27 19:00,14.7,44
2025-04-27 20:00,12.9,43
2025-04-27 21:00,12.2,50
2025-04-27 22:00,10.8,53
2025-04-27 23:00,10.2,55
2025-04-28 0:00,9.4,55
2025-04-28 1:00,9.2,58
2025-04-28 2:00,10.2,60
2025-04-28 3:00,9.8,62
2025-04-28 4:00,10,61
2025-04-28 5:00,8.6,67
2025-04-28 6:00,7.8,71
2025-04-28 7:00,9.7,74
2025-04-28 8:00,16.8,71
2025-04-28 9:00,23.9,65
2025-04-28 10:00,30.6,57
2025-04-28 11:00,35.4,47
2025-04-28 12:00,37.9,41
2025-04-28 13:00,40.5,39
2025-04-28 14:00,38.3,27
2025-04-28 15:00,36.1,38
2025-04-28 16:00,33.4,19
2025-04-28 17:00,26.8,24
2025-04-28 18:00,18.8,26
2025-04-28 19:00,15,26
2025-04-28 20:00,12.5,28
2025-04-28 21:00,11.2,25
2025-04-28 22:00,9.9,34
2025-04-28 23:00,9.2,35
2025-04-29 0:00,8,37
2025-04-29 1:00,7.4,36
2025-04-29 2:00,6.8,36
2025-04-29 3:00,6,42
2025-04-29 4:00,5.6,45
2025-04-29 5:00,5.2,48
2025-04-29 6:00,5.1,51
2025-04-29 7:00,7.7,54
2025-04-29 8:00,16.2,48
2025-04-29 9:00,24,41
2025-04-29 10:00,31.4,30
2025-04-29 11:00,37.1,29
2025-04-29 12:00,38.7,27
2025-04-29 13:00,41.6,20
2025-04-29 14:00,42.1,21
2025-04-29 15:00,39.4,21
2025-04-29 16:00,34.8,20
2025-04-29 17:00,28.6,19
2025-04-29 18:00,19.8,22
2025-04-29 19:00,15.6,26
2025-04-29 20:00,13.1,29
2025-04-29 21:00,11.7,31
2025-04-29 22:00,10.6,35
2025-04-29 23:00,9.9,36
2025-04-30 0:00,9.4,38
2025-04-30 1:00,8.9,42
2025-04-30 2:00,8.2,44
2025-04-30 3:00,7.7,48
2025-04-30 4:00,7.2,51
2025-04-30 5:00,7,52
2025-04-30 6:00,7.3,53
2025-04-30 7:00,10.2,54
2025-04-30 8:00,16.1,47
2025-04-30 9:00,25.5,40
2025-04-30 10:00,33.3,35
2025-04-30 11:00,39.2,28
2025-04-30 12:00,42.8,25
2025-04-30 13:00,43.5,22
2025-04-30 14:00,45.9,23
2025-04-30 15:00,43.3,23
2025-04-30 16:00,39,23
2025-04-30 17:00,32.3,24
2025-04-30 18:00,22.7,26
2025-04-30 19:00,18.3,29
2025-04-30 20:00,15.9,33
2025-04-30 21:00,14.5,34
2025-04-30 22:00,14.2,35
2025-04-30 23:00,13.4,38
2025-05-01 0:00,12.5,41
2025-05-01 1:00,11.5,44
2025-05-01 2:00,11.1,45
2025-05-01 3:00,10.5,42
2025-05-01 4:00,11.1,39
2025-05-01 5:00,12,31
2025-05-01 6:00,11.7,28
2025-05-01 7:00,13.7,31
2025-05-01 8:00,15.9,34
2025-05-01 9:00,15.1,42
2025-05-01 10:00,13.1,61
2025-05-01 11:00,13.3,82
2025-05-01 12:00,13.6,90
2025-05-01 13:00,13.4,89
2025-05-01 14:00,14.7,91
2025-05-01 15:00,15,92
2025-05-01 16:00,14.6,91
2025-05-01 17:00,14.3,91
2025-05-01 18:00,14.5,90
2025-05-01 19:00,13.8,89
2025-05-01 20:00,13.1,87
2025-05-01 21:00,12.7,89
2025-05-01 22:00,12.2,87
2025-05-01 23:00,10.1,87
2025-05-02 0:00,9,84
2025-05-02 1:00,8,77
2025-05-02 2:00,7.3,75
2025-05-02 3:00,6.9,76
2025-05-02 4:00,6.6,77
2025-05-02 5:00,6.3,78
2025-05-02 6:00,6.2,82
2025-05-02 7:00,8.4,83
2025-05-02 8:00,13.6,75
2025-05-02 9:00,20.2,68
2025-05-02 10:00,24.1,58
2025-05-02 11:00,26,48
2025-05-02 12:00,27.2,49
2025-05-02 13:00,27.9,40
2025-05-02 14:00,24.2,35
2025-05-02 15:00,27.9,46
2025-05-02 16:00,21.6,44
2025-05-02 17:00,19.4,43
2025-05-02 18:00,15.9,42
2025-05-02 19:00,13.7,46
2025-05-02 20:00,12.5,49
2025-05-02 21:00,12.2,51
2025-05-02 22:00,11.9,51
2025-05-02 23:00,11.5,53
2025-05-03 0:00,11.3,60
2025-05-03 1:00,11,49
2025-05-03 2:00,10.9,50
2025-05-03 3:00,10.5,65
2025-05-03 4:00,10.2,76
2025-05-03 5:00,10,84
2025-05-03 6:00,9.9,86
2025-05-03 7:00,10.1,88
2025-05-03 8:00,11,89
2025-05-03 9:00,11.5,89
2025-05-03 10:00,11.9,87
2025-05-03 11:00,13.1,90
2025-05-03 12:00,17.7,89
2025-05-03 13:00,18.2,83
2025-05-03 14:00,20.4,70
2025-05-03 15:00,14.9,72
2025-05-03 16:00,14.7,74
2025-05-03 17:00,15,79
2025-05-03 18:00,13.7,76
2025-05-03 19:00,12,74
2025-05-03 20:00,10.8,79
2025-05-03 21:00,9.7,81
2025-05-03 22:00,8.6,83
2025-05-03 23:00,8.1,86
2025-05-04 0:00,7.7,86
2025-05-04 1:00,7.1,88
2025-05-04 2:00,6.8,90
2025-05-04 3:00,6.7,88
2025-05-04 4:00,6.1,88
2025-05-04 5:00,6,92
2025-05-04 6:00,6.1,91
2025-05-04 7:00,8.5,91
2025-05-04 8:00,15.1,84
2025-05-04 9:00,20.5,73
2025-05-04 10:00,24.6,65
2025-05-04 11:00,27.4,56
2025-05-04 12:00,27.9,38
2025-05-04 13:00,30.7,31
2025-05-04 14:00,31.7,24
2025-05-04 15:00,30.8,29
2025-05-04 16:00,28.3,32
2025-05-04 17:00,24.2,35
2025-05-04 18:00,17.8,38
2025-05-04 19:00,14.3,42
2025-05-04 20:00,12.1,52
2025-05-04 21:00,10.8,60
2025-05-04 22:00,9.8,64
2025-05-04 23:00,9.2,67
2025-05-05 0:00,8.4,70
2025-05-05 1:00,8.2,72
2025-05-05 2:00,7.5,75
2025-05-05 3:00,7.2,80
2025-05-05 4:00,8,80
2025-05-05 5:00,8.4,80
2025-05-05 6:00,8.7,79
2025-05-05 7:00,10.3,80
2025-05-05 8:00,12.6,75
2025-05-05 9:00,15.3,67
2025-05-05 10:00,17.7,60
2025-05-05 11:00,16,59
2025-05-05 12:00,15.4,57
2025-05-05 13:00,14.8,55
2025-05-05 14:00,16.2,56
2025-05-05 15:00,14.7,55
2025-05-05 16:00,14.2,56
2025-05-05 17:00,13.5,54
2025-05-05 18:00,12.3,58
2025-05-05 19:00,11.5,59
2025-05-05 20:00,10.8,58
2025-05-05 21:00,10.6,59
2025-05-05 22:00,10.3,60
2025-05-05 23:00,9.9,59
2025-05-06 0:00,8.3,61
2025-05-06 1:00,7.4,64
2025-05-06 2:00,7,67
2025-05-06 3:00,6.5,69
2025-05-06 4:00,6.2,73
2025-05-06 5:00,5.9,74
2025-05-06 6:00,6.3,74
2025-05-06 7:00,8.7,73
2025-05-06 8:00,14.7,66
2025-05-06 9:00,20.8,56
2025-05-06 10:00,25.9,46
2025-05-06 11:00,26.8,43
2025-05-06 12:00,25.5,45
2025-05-06 13:00,23.6,41
2025-05-06 14:00,21.3,41
2025-05-06 15:00,22.2,40
2025-05-06 16:00,24.6,39
2025-05-06 17:00,22.2,37
2025-05-06 18:00,18,44
2025-05-06 19:00,14.4,53
2025-05-06 20:00,12.4,58
2025-05-06 21:00,11.4,61
2025-05-06 22:00,10.5,65
2025-05-06 23:00,9.7,66
2025-05-07 0:00,9,71
2025-05-07 1:00,8.6,69
2025-05-07 2:00,8.4,71
2025-05-07 3:00,8.3,74
2025-05-07 4:00,7.7,76
2025-05-07 5:00,7.2,79
2025-05-07 6:00,7.4,81
2025-05-07 7:00,10,79
2025-05-07 8:00,15.9,78
2025-05-07 9:00,22.8,68
2025-05-07 10:00,27.9,58
2025-05-07 11:00,31.8,51
2025-05-07 12:00,31.9,49
2025-05-07 13:00,37.4,41
2025-05-07 14:00,35.8,46
2025-05-07 15:00,35.9,46
2025-05-07 16:00,32.6,44
2025-05-07 17:00,26.9,43
2025-05-07 18:00,20.3,47
2025-05-07 19:00,16.6,55
2025-05-07 20:00,13.9,59
2025-05-07 21:00,12.5,62
2025-05-07 22:00,11.5,66
2025-05-07 23:00,10.6,67
2025-05-08 0:00,10,65
2025-05-08 1:00,9.4,66
2025-05-08 2:00,9.2,69
2025-05-08 3:00,8.8,71
2025-05-08 4:00,8.3,75
2025-05-08 5:00,8.1,77
2025-05-08 6:00,8,78
2025-05-08 7:00,10.7,80
2025-05-08 8:00,16.9,75
2025-05-08 9:00,22.8,63
2025-05-08 10:00,27.2,55
2025-05-08 11:00,32.1,48
2025-05-08 12:00,36.4,43
2025-05-08 13:00,39.8,37
2025-05-08 14:00,40.3,33
2025-05-08 15:00,39.3,29
2025-05-08 16:00,34.9,25
2025-05-08 17:00,29.1,29
2025-05-08 18:00,23,43
2025-05-08 19:00,19.1,46
2025-05-08 20:00,16.9,44
2025-05-08 21:00,16.2,48
2025-05-08 22:00,16,46
2025-05-08 23:00,15.5,49
2025-05-09 0:00,15.4,53
2025-05-09 1:00,15.2,54
2025-05-09 2:00,14.8,54
2025-05-09 3:00,14.3,53
2025-05-09 4:00,14.2,53
2025-05-09 5:00,14,55
2025-05-09 6:00,14.1,56
2025-05-09 7:00,14.2,59
2025-05-09 8:00,14.1,77
2025-05-09 9:00,14.8,78
2025-05-09 10:00,15.7,85
2025-05-09 11:00,16.2,82
2025-05-09 12:00,16.9,82
2025-05-09 13:00,17.7,87
2025-05-09 14:00,15.8,93
2025-05-09 15:00,14.9,95
2025-05-09 16:00,14.6,96
2025-05-09 17:00,14.5,97
2025-05-09 18:00,14.6,96
2025-05-09 19:00,14.4,95
2025-05-09 20:00,14.2,96
2025-05-09 21:00,14.3,97
2025-05-09 22:00,14.3,97
2025-05-09 23:00,14.3,95
2025-05-10 0:00,14.4,97
2025-05-10 1:00,14.4,97
2025-05-10 2:00,14.4,95
2025-05-10 3:00,14.1,96
2025-05-10 4:00,13.6,95
2025-05-10 5:00,12.8,96
2025-05-10 6:00,12.7,97
2025-05-10 7:00,12.9,96
2025-05-10 8:00,12.9,96
2025-05-10 9:00,12.4,95
2025-05-10 10:00,12.7,97
2025-05-10 11:00,12.8,98
2025-05-10 12:00,12.7,97
2025-05-10 13:00,12.9,96
2025-05-10 14:00,13.2,96
2025-05-10 15:00,13.2,95
2025-05-10 16:00,13.3,94
2025-05-10 17:00,12.5,97
2025-05-10 18:00,12.4,97
2025-05-10 19:00,12.3,96
2025-05-10 20:00,12,95
2025-05-10 21:00,11.7,94
2025-05-10 22:00,11.6,93
2025-05-10 23:00,11.7,93
2025-05-11 0:00,11.6,93
2025-05-11 1:00,11.4,93
2025-05-11 2:00,10.9,91
2025-05-11 3:00,11.3,93
2025-05-11 4:00,11.5,91
2025-05-11 5:00,11.3,92
2025-05-11 6:00,11.4,92
2025-05-11 7:00,12.6,92
2025-05-11 8:00,14.6,90
2025-05-11 9:00,16.5,86
2025-05-11 10:00,19.3,79
2025-05-11 11:00,18.8,79
2025-05-11 12:00,23.3,76
2025-05-11 13:00,27,70
2025-05-11 14:00,26.7,65
2025-05-11 15:00,25.6,60
2025-05-11 16:00,22.6,62
2025-05-11 17:00,22.7,58
2025-05-11 18:00,17.7,58
2025-05-11 19:00,15.1,60
2025-05-11 20:00,13.3,62
2025-05-11 21:00,12,69
2025-05-11 22:00,11.2,76
2025-05-11 23:00,10.5,78
2025-05-12 0:00,10.1,81
2025-05-12 1:00,9.7,84
2025-05-12 2:00,9.5,85
2025-05-12 3:00,9.3,87
2025-05-12 4:00,8.9,89
2025-05-12 5:00,8.5,89
2025-05-12 6:00,8.7,91
2025-05-12 7:00,11.3,93
2025-05-12 8:00,16.9,86
2025-05-12 9:00,22.9,73
2025-05-12 10:00,27,64
2025-05-12 11:00,30.9,55
2025-05-12 12:00,33.8,53
2025-05-12 13:00,35.9,41
2025-05-12 14:00,36.8,40
2025-05-12 15:00,36.7,40
2025-05-12 16:00,34.3,42
2025-05-12 17:00,29.3,42
2025-05-12 18:00,23,43
2025-05-12 19:00,19.2,39
2025-05-12 20:00,16.3,44
2025-05-12 21:00,14.9,51
2025-05-12 22:00,13.8,58
2025-05-12 23:00,12.8,59
2025-05-13 0:00,12.6,63
2025-05-13 1:00,12.3,64
2025-05-13 2:00,12,67
2025-05-13 3:00,11.5,69
2025-05-13 4:00,11,70
2025-05-13 5:00,10.7,72
2025-05-13 6:00,11.7,74
2025-05-13 7:00,15.2,73
2025-05-13 8:00,17.2,65
2025-05-13 9:00,19.8,61
2025-05-13 10:00,27,54
2025-05-13 11:00,32.1,38
2025-05-13 12:00,34.8,30
2025-05-13 13:00,37.8,28
2025-05-13 14:00,36,29
2025-05-13 15:00,35.1,30
2025-05-13 16:00,32.4,30
2025-05-13 17:00,29.2,29
2025-05-13 18:00,24.1,28
2025-05-13 19:00,20.8,33
2025-05-13 20:00,18.2,38
2025-05-13 21:00,16.6,38
2025-05-13 22:00,15.3,40
2025-05-13 23:00,14.2,44
2025-05-14 0:00,13.5,49
2025-05-14 1:00,12.7,52
2025-05-14 2:00,12,56
2025-05-14 3:00,11.6,58
2025-05-14 4:00,11,60
2025-05-14 5:00,10.8,66
2025-05-14 6:00,10.9,65
2025-05-14 7:00,13.6,67
2025-05-14 8:00,19.8,59
2025-05-14 9:00,26.5,50
2025-05-14 10:00,31.9,45
2025-05-14 11:00,36.3,40
2025-05-14 12:00,39.4,37
2025-05-14 13:00,40.9,32
2025-05-14 14:00,40,34
2025-05-14 15:00,34.1,36
2025-05-14 16:00,34.6,36
2025-05-14 17:00,29,38
2025-05-14 18:00,24.6,44
2025-05-14 19:00,21.5,50
2025-05-14 20:00,19.4,55
2025-05-14 21:00,19.4,63
2025-05-14 22:00,18.6,65
2025-05-14 23:00,19.1,67
2025-05-15 0:00,18.9,69
2025-05-15 1:00,18.7,69
2025-05-15 2:00,18.8,70
2025-05-15 3:00,18.2,74
2025-05-15 4:00,17.9,81
2025-05-15 5:00,17.8,85
2025-05-15 6:00,17.7,90
2025-05-15 7:00,17.8,93
2025-05-15 8:00,17.7,93
2025-05-15 9:00,17.4,93
2025-05-15 10:00,17.9,92
2025-05-15 11:00,21.5,90
2025-05-15 12:00,24.5,84
2025-05-15 13:00,25.8,80
2025-05-15 14:00,24.1,79
2025-05-15 15:00,26,74
2025-05-15 16:00,26.5,69
2025-05-15 17:00,24.9,67
2025-05-15 18:00,21.9,68
2025-05-15 19:00,19.7,71
2025-05-15 20:00,18.1,76
2025-05-15 21:00,16.9,78
2025-05-15 22:00,16.2,81
2025-05-15 23:00,15.7,85
2025-05-16 0:00,16.4,86
2025-05-16 1:00,17,88
2025-05-16 2:00,17.4,86
2025-05-16 3:00,17.6,87
2025-05-16 4:00,17.6,90
2025-05-16 5:00,17.5,92
2025-05-16 6:00,17.5,94
2025-05-16 7:00,18,94
2025-05-16 8:00,19.4,95
2025-05-16 9:00,20.7,94
2025-05-16 10:00,21.6,92
2025-05-16 11:00,20.5,94
2025-05-16 12:00,21.1,94
2025-05-16 13:00,22.1,93
2025-05-16 14:00,21.8,94
2025-05-16 15:00,22.3,93
2025-05-16 16:00,20.5,93
2025-05-16 17:00,19.5,93
2025-05-16 18:00,18.6,94
2025-05-16 19:00,18.6,96
2025-05-16 20:00,18.1,96
2025-05-16 21:00,17.6,94
2025-05-16 22:00,17.3,93
2025-05-16 23:00,16.8,92
2025-05-17 0:00,17,91
2025-05-17 1:00,15.9,91
2025-05-17 2:00,15.2,92
2025-05-17 3:00,14.8,93
2025-05-17 4:00,14.4,94
2025-05-17 5:00,14.3,95
2025-05-17 6:00,14.5,96
2025-05-17 7:00,17,96
2025-05-17 8:00,22.6,94
2025-05-17 9:00,26.3,87
2025-05-17 10:00,29.6,79
2025-05-17 11:00,29.2,70
2025-05-17 12:00,34.4,67
2025-05-17 13:00,34.6,64
2025-05-17 14:00,28.6,65
2025-05-17 15:00,24,70
2025-05-17 16:00,22.5,77
2025-05-17 17:00,19.9,83
2025-05-17 18:00,18.5,92
2025-05-17 19:00,17.5,92
2025-05-17 20:00,16.9,93
2025-05-17 21:00,16.7,94
2025-05-17 22:00,16.2,95
2025-05-17 23:00,16.1,93
2025-05-18 0:00,15.2,92
2025-05-18 1:00,14.1,89
2025-05-18 2:00,13.9,90
2025-05-18 3:00,13.7,88
2025-05-18 4:00,12.6,84
2025-05-18 5:00,11.4,85
2025-05-18 6:00,11.5,86
2025-05-18 7:00,13.7,86
2025-05-18 8:00,16.5,79
2025-05-18 9:00,19.7,76
2025-05-18 10:00,25.7,69
2025-05-18 11:00,28.8,61
2025-05-18 12:00,32.1,47
2025-05-18 13:00,34,45
2025-05-18 14:00,34.8,33
2025-05-18 15:00,34.6,33
2025-05-18 16:00,31.4,36
2025-05-18 17:00,25.7,35
2025-05-18 18:00,20.6,40
2025-05-18 19:00,17.3,43
2025-05-18 20:00,14.7,42
2025-05-18 21:00,13.5,46
2025-05-18 22:00,12.5,48
2025-05-18 23:00,11.8,51
2025-05-19 0:00,11.2,58
2025-05-19 1:00,10.6,58
2025-05-19 2:00,10.2,57
2025-05-19 3:00,9.8,61
2025-05-19 4:00,9.4,61
2025-05-19 5:00,9.6,64
2025-05-19 6:00,10.8,66
2025-05-19 7:00,13,63
2025-05-19 8:00,15.3,61
2025-05-19 9:00,14.6,60
2025-05-19 10:00,16.1,56
2025-05-19 11:00,20.3,58
2025-05-19 12:00,23.6,53
2025-05-19 13:00,24.7,48
2025-05-19 14:00,23.6,46
2025-05-19 15:00,25.4,54
2025-05-19 16:00,25.2,62
2025-05-19 17:00,21.9,70
2025-05-19 18:00,19,78
2025-05-19 19:00,17.9,84
2025-05-19 20:00,17.5,92
2025-05-19 21:00,17.4,94
2025-05-19 22:00,17.2,96
2025-05-19 23:00,17.2,96
2025-05-20 0:00,17.2,97
2025-05-20 1:00,17.2,95
2025-05-20 2:00,17.1,96
2025-05-20 3:00,17.1,95
2025-05-20 4:00,17.1,94
2025-05-20 5:00,17.1,93
2025-05-20 6:00,17.2,93
2025-05-20 7:00,17.6,92
2025-05-20 8:00,18.5,93
2025-05-20 9:00,19.4,92
2025-05-20 10:00,19.6,91
2025-05-20 11:00,20.7,91
2025-05-20 12:00,22.9,89
2025-05-20 13:00,31.1,82
2025-05-20 14:00,34.3,76
2025-05-20 15:00,34.2,72
2025-05-20 16:00,29.6,71
2025-05-20 17:00,27.4,74
2025-05-20 18:00,24.8,78
2025-05-20 19:00,23.3,81
2025-05-20 20:00,22.5,83
2025-05-20 21:00,22.3,83
2025-05-20 22:00,22,82
2025-05-20 23:00,21.9,82
2025-05-21 0:00,21,82
2025-05-21 1:00,21.3,84
2025-05-21 2:00,21.3,88
2025-05-21 3:00,21.2,88
2025-05-21 4:00,20.5,88
2025-05-21 5:00,20.8,89
2025-05-21 6:00,20.9,88
2025-05-21 7:00,22.4,86
2025-05-21 8:00,25.2,81
2025-05-21 9:00,28.2,75
2025-05-21 10:00,32.4,72
2025-05-21 11:00,35.2,66
2025-05-21 12:00,35.6,64
2025-05-21 13:00,38.2,61
2025-05-21 14:00,40.1,58
2025-05-21 15:00,34.6,57
2025-05-21 16:00,33.9,59
2025-05-21 17:00,30.4,66
2025-05-21 18:00,28.1,67
2025-05-21 19:00,25.6,70
2025-05-21 20:00,23.4,74
2025-05-21 21:00,22.3,80
2025-05-21 22:00,21.5,82
2025-05-21 23:00,20.8,84
2025-05-22 0:00,20.2,85
2025-05-22 1:00,19.7,86
2025-05-22 2:00,19.8,88
2025-05-22 3:00,20.4,89
2025-05-22 4:00,20.5,88
2025-05-22 5:00,20.6,88
2025-05-22 6:00,20.4,93
2025-05-22 7:00,20.4,92
2025-05-22 8:00,22.3,88
2025-05-22 9:00,25.8,81
2025-05-22 10:00,30.3,73
2025-05-22 11:00,34.7,67
2025-05-22 12:00,33.9,64
2025-05-22 13:00,34.2,56
2025-05-22 14:00,40.6,48
2025-05-22 15:00,38.7,43
2025-05-22 16:00,36.2,42
2025-05-22 17:00,31.6,41
2025-05-22 18:00,27.3,57
2025-05-22 19:00,25.3,58
2025-05-22 20:00,23,57
2025-05-22 21:00,21.5,50
2025-05-22 22:00,22,64
2025-05-22 23:00,21.2,64
2025-05-23 0:00,19.8,67
2025-05-23 1:00,19.4,64
2025-05-23 2:00,18.5,69
2025-05-23 3:00,18.1,69
2025-05-23 4:00,17.8,69
2025-05-23 5:00,17.1,64
2025-05-23 6:00,17.1,56
2025-05-23 7:00,17.9,46
2025-05-23 8:00,19.1,46
2025-05-23 9:00,20.7,43
2025-05-23 10:00,21.3,41
2025-05-23 11:00,23,39
2025-05-23 12:00,23.7,40
2025-05-23 13:00,25.1,39
2025-05-23 14:00,24.2,40
2025-05-23 15:00,23.7,41
2025-05-23 16:00,24.4,43
2025-05-23 17:00,21.8,41
2025-05-23 18:00,20.5,46
2025-05-23 19:00,19.6,48
2025-05-23 20:00,18.4,50
2025-05-23 21:00,17.5,56
2025-05-23 22:00,16.4,75
2025-05-23 23:00,15.7,78
2025-05-24 0:00,15.4,79
2025-05-24 1:00,15.3,87
2025-05-24 2:00,14.8,91
2025-05-24 3:00,14.6,91
2025-05-24 4:00,14.4,89
2025-05-24 5:00,14.1,88
2025-05-24 6:00,14,86
2025-05-24 7:00,14.6,83
2025-05-24 8:00,16.6,79
2025-05-24 9:00,17.4,72
2025-05-24 10:00,17.3,69
2025-05-24 11:00,17.2,67
2025-05-24 12:00,18.7,67
2025-05-24 13:00,22.2,63
2025-05-24 14:00,22.8,60
2025-05-24 15:00,22.7,59
2025-05-24 16:00,21.7,57
2025-05-24 17:00,23.1,56
2025-05-24 18:00,19.6,57
2025-05-24 19:00,16.6,54
2025-05-24 20:00,14.5,56
2025-05-24 21:00,14.4,58
2025-05-24 22:00,14.3,60
2025-05-24 23:00,13.3,62
2025-05-25 0:00,12.2,63
2025-05-25 1:00,11.6,68
2025-05-25 2:00,11.1,71
2025-05-25 3:00,10.8,75
2025-05-25 4:00,10.5,79
2025-05-25 5:00,10.4,79
2025-05-25 6:00,11.1,80
2025-05-25 7:00,13.4,79
2025-05-25 8:00,18.4,73
2025-05-25 9:00,24.5,64
2025-05-25 10:00,29.1,58
2025-05-25 11:00,33.6,53
2025-05-25 12:00,37.2,50
2025-05-25 13:00,39.8,50
2025-05-25 14:00,40.9,49
2025-05-25 15:00,38.6,48
2025-05-25 16:00,34.4,47
2025-05-25 17:00,29.6,45
2025-05-25 18:00,24.3,46
2025-05-25 19:00,20.6,50
2025-05-25 20:00,18.3,57
2025-05-25 21:00,16.6,57
2025-05-25 22:00,15.6,61
2025-05-25 23:00,14.7,63
2025-05-26 0:00,14,68
2025-05-26 1:00,13.4,71
2025-05-26 2:00,13.1,74
2025-05-26 3:00,12.6,78
2025-05-26 4:00,12.2,78
2025-05-26 5:00,12.2,80
2025-05-26 6:00,12.4,82
2025-05-26 7:00,14.7,81
2025-05-26 8:00,20.4,72
2025-05-26 9:00,27.2,63
2025-05-26 10:00,33,61
2025-05-26 11:00,32.5,54
2025-05-26 12:00,38.9,49
2025-05-26 13:00,39.5,44
2025-05-26 14:00,42.1,38
2025-05-26 15:00,40.5,38
2025-05-26 16:00,32.2,39
2025-05-26 17:00,31.1,45
2025-05-26 18:00,26.3,44
2025-05-26 19:00,22.5,45
2025-05-26 20:00,19.6,50
2025-05-26 21:00,17.9,49
2025-05-26 22:00,17.3,58
2025-05-26 23:00,16.3,68
2025-05-27 0:00,15.8,72
2025-05-27 1:00,15.1,69
2025-05-27 2:00,14.3,71
2025-05-27 3:00,13.7,73
2025-05-27 4:00,13.3,76
2025-05-27 5:00,12.9,75
2025-05-27 6:00,13.4,79
2025-05-27 7:00,16,80
2025-05-27 8:00,21.1,67
2025-05-27 9:00,27.5,58
2025-05-27 10:00,33.4,56
2025-05-27 11:00,38.4,47
2025-05-27 12:00,41.9,47
2025-05-27 13:00,44,43
2025-05-27 14:00,44,38
2025-05-27 15:00,41.5,37
2025-05-27 16:00,36.6,44
2025-05-27 17:00,31.5,42
2025-05-27 18:00,26.9,44
2025-05-27 19:00,22.7,48
2025-05-27 20:00,20.3,51
2025-05-27 21:00,20,56
2025-05-27 22:00,18.3,60
2025-05-27 23:00,17.1,63
2025-05-28 0:00,16.6,62
2025-05-28 1:00,16,71
2025-05-28 2:00,15.7,75
2025-05-28 3:00,15.3,77
2025-05-28 4:00,15.1,80
2025-05-28 5:00,14.9,82
2025-05-28 6:00,15,83
2025-05-28 7:00,17.9,81
2025-05-28 8:00,19.3,78
2025-05-28 9:00,23.8,72
2025-05-28 10:00,24.2,66
2025-05-28 11:00,36.2,60
2025-05-28 12:00,40.8,48
2025-05-28 13:00,39.9,43
2025-05-28 14:00,38.7,40
2025-05-28 15:00,41.1,41
2025-05-28 16:00,37.5,41
2025-05-28 17:00,30.3,52
2025-05-28 18:00,27.4,51
2025-05-28 19:00,22.6,50
2025-05-28 20:00,20.5,54
2025-05-28 21:00,19.2,59
2025-05-28 22:00,18.1,60
2025-05-28 23:00,17.3,62
2025-05-29 0:00,16.4,65
2025-05-29 1:00,15.8,67
2025-05-29 2:00,15.4,71
2025-05-29 3:00,15,73
2025-05-29 4:00,14.3,76
2025-05-29 5:00,14,78
2025-05-29 6:00,14.6,82
2025-05-29 7:00,17.1,80
2025-05-29 8:00,22.9,70
2025-05-29 9:00,29.6,62
2025-05-29 10:00,36.5,58
2025-05-29 11:00,42.5,53
2025-05-29 12:00,44.9,52
2025-05-29 13:00,45.8,48
2025-05-29 14:00,45.3,42
2025-05-29 15:00,35.2,39
2025-05-29 16:00,41.1,34
2025-05-29 17:00,33.2,47
2025-05-29 18:00,29.2,52
2025-05-29 19:00,24.3,54
2025-05-29 20:00,21.4,56
2025-05-29 21:00,20,55
2025-05-29 22:00,18.9,52
2025-05-29 23:00,17.9,50
2025-05-30 0:00,17.3,52
2025-05-30 1:00,16.5,56
2025-05-30 2:00,15.8,60
2025-05-30 3:00,15.4,65
2025-05-30 4:00,14.9,68
2025-05-30 5:00,14.8,72
2025-05-30 6:00,14.8,74
2025-05-30 7:00,17.2,79
2025-05-30 8:00,22.8,73
2025-05-30 9:00,29,67
2025-05-30 10:00,34.9,58
2025-05-30 11:00,40.9,53
2025-05-30 12:00,45.9,43
2025-05-30 13:00,46.7,41
2025-05-30 14:00,42.8,43
2025-05-30 15:00,44.5,40
2025-05-30 16:00,40.8,37
2025-05-30 17:00,35.9,31
2025-05-30 18:00,29.2,32
2025-05-30 19:00,24.8,46
2025-05-30 20:00,21.5,51
2025-05-30 21:00,19.7,57
2025-05-30 22:00,18.7,59
2025-05-30 23:00,17.7,60
2025-05-31 0:00,16.6,62
2025-05-31 1:00,16.2,66
2025-05-31 2:00,15.5,63
2025-05-31 3:00,15,61
2025-05-31 4:00,14.7,58
2025-05-31 5:00,14.3,58
2025-05-31 6:00,15.1,60
2025-05-31 7:00,18.1,61
2025-05-31 8:00,24,55
2025-05-31 9:00,32.9,50
2025-05-31 10:00,40.3,48
2025-05-31 11:00,41.1,48
2025-05-31 12:00,39.1,44
2025-05-31 13:00,44.7,44
2025-05-31 14:00,38.1,41
2025-05-31 15:00,38.3,40
2025-05-31 16:00,36.2,42
2025-05-31 17:00,31.4,45
2025-05-31 18:00,27.2,52
2025-05-31 19:00,23.7,54
2025-05-31 20:00,20.4,57
2025-05-31 21:00,19.5,64
2025-05-31 22:00,18.8,65
2025-05-31 23:00,18.5,68
2025-06-01 0:00,17.4,69
2025-06-01 1:00,16.9,70
2025-06-01 2:00,16.2,74
2025-06-01 3:00,15.9,77
2025-06-01 4:00,16,76
2025-06-01 5:00,15,77
2025-06-01 6:00,15.2,81
2025-06-01 7:00,19,79
2025-06-01 8:00,25.4,73
2025-06-01 9:00,33.5,64
2025-06-01 10:00,40.7,58
2025-06-01 11:00,46.4,55
2025-06-01 12:00,51.5,46
2025-06-01 13:00,53.9,41
2025-06-01 14:00,53,44
2025-06-01 15:00,48.9,39
2025-06-01 16:00,42.8,45
2025-06-01 17:00,34.1,43
2025-06-01 18:00,28,44
2025-06-01 19:00,24.5,45
2025-06-01 20:00,21.7,47
2025-06-01 21:00,20.9,51
2025-06-01 22:00,19.1,55
2025-06-01 23:00,18.8,56
2025-06-02 0:00,18.2,60
2025-06-02 1:00,18,63
2025-06-02 2:00,18,63
2025-06-02 3:00,18,63
2025-06-02 4:00,18.1,65
2025-06-02 5:00,17.9,64
2025-06-02 6:00,18.3,65
2025-06-02 7:00,18.9,68
2025-06-02 8:00,20.2,65
2025-06-02 9:00,21.9,67
2025-06-02 10:00,24.2,65
2025-06-02 11:00,23.8,63
2025-06-02 12:00,24.4,67
2025-06-02 13:00,25.4,67
2025-06-02 14:00,26,58
2025-06-02 15:00,27.2,56
2025-06-02 16:00,25.8,57
2025-06-02 17:00,24.6,56
2025-06-02 18:00,24.3,60
2025-06-02 19:00,22.2,64
2025-06-02 20:00,20.9,66
2025-06-02 21:00,20.2,65
2025-06-02 22:00,19.7,67
2025-06-02 23:00,19.2,71
2025-06-03 0:00,19,71
2025-06-03 1:00,18.7,73
2025-06-03 2:00,18.6,73
2025-06-03 3:00,18.4,71
2025-06-03 4:00,17.9,73
2025-06-03 5:00,16.2,77
2025-06-03 6:00,16,79
2025-06-03 7:00,18.6,80
2025-06-03 8:00,26.5,63
2025-06-03 9:00,35.1,55
2025-06-03 10:00,43.5,52
2025-06-03 11:00,49,44
2025-06-03 12:00,51.6,42
2025-06-03 13:00,45,43
2025-06-03 14:00,38.7,52
2025-06-03 15:00,41.4,56
2025-06-03 16:00,40.6,58
2025-06-03 17:00,35.3,52
2025-06-03 18:00,27.7,48
2025-06-03 19:00,22.8,38
2025-06-03 20:00,19,41
2025-06-03 21:00,17.2,41
2025-06-03 22:00,16,53
2025-06-03 23:00,15.4,60
2025-06-04 0:00,14.6,63
2025-06-04 1:00,14.3,67
2025-06-04 2:00,13.8,71
2025-06-04 3:00,13.5,74
2025-06-04 4:00,13.1,74
2025-06-04 5:00,12.6,73
2025-06-04 6:00,13.4,74
2025-06-04 7:00,16.6,74
2025-06-04 8:00,26.4,65
2025-06-04 9:00,35.8,59
2025-06-04 10:00,43.5,50
2025-06-04 11:00,49.7,42
2025-06-04 12:00,53.8,40
2025-06-04 13:00,54.4,34
2025-06-04 14:00,53,36
2025-06-04 15:00,49.3,39
2025-06-04 16:00,41.4,39
2025-06-04 17:00,31.2,46
2025-06-04 18:00,27.3,46
2025-06-04 19:00,22.8,38
2025-06-04 20:00,19.5,43
2025-06-04 21:00,18.1,46
2025-06-04 22:00,17,50
2025-06-04 23:00,16.4,58
2025-06-05 0:00,16,64
2025-06-05 1:00,15.2,68
2025-06-05 2:00,14.8,69
2025-06-05 3:00,14.1,72
2025-06-05 4:00,13.4,74
2025-06-05 5:00,12.7,74
2025-06-05 6:00,13.3,75
2025-06-05 7:00,16.6,75
2025-06-05 8:00,27.2,66
2025-06-05 9:00,37.2,57
2025-06-05 10:00,45.4,47
2025-06-05 11:00,51.3,45
2025-06-05 12:00,55.8,40
2025-06-05 13:00,57.7,36
2025-06-05 14:00,55,33
2025-06-05 15:00,44,34
2025-06-05 16:00,41.9,32
2025-06-05 17:00,38.7,31
2025-06-05 18:00,30.7,31
2025-06-05 19:00,25.4,33
2025-06-05 20:00,21,39
2025-06-05 21:00,19.1,43
2025-06-05 22:00,17.7,47
2025-06-05 23:00,17,49
2025-06-06 0:00,16.5,46
2025-06-06 1:00,16.1,49
2025-06-06 2:00,16.5,51
2025-06-06 3:00,15.9,54
2025-06-06 4:00,15.5,55
2025-06-06 5:00,14.9,57
2025-06-06 6:00,15.9,57
2025-06-06 7:00,19.3,55
2025-06-06 8:00,27.4,51
2025-06-06 9:00,38.5,43
2025-06-06 10:00,47.4,38
2025-06-06 11:00,54.5,37
2025-06-06 12:00,59,34
2025-06-06 13:00,60.3,32
2025-06-06 14:00,59.4,31
2025-06-06 15:00,54,28
2025-06-06 16:00,46.5,29
2025-06-06 17:00,39.5,33
2025-06-06 18:00,31.9,36
2025-06-06 19:00,26.2,39
2025-06-06 20:00,22.7,40
2025-06-06 21:00,20.9,43
2025-06-06 22:00,20.1,47
2025-06-06 23:00,19,43
2025-06-07 0:00,18.6,46
2025-06-07 1:00,18.2,43
2025-06-07 2:00,17.9,43
2025-06-07 3:00,16.8,45
2025-06-07 4:00,16.4,48
2025-06-07 5:00,16,53
2025-06-07 6:00,17.4,53
2025-06-07 7:00,20.9,57
2025-06-07 8:00,28.6,56
2025-06-07 9:00,31.4,61
2025-06-07 10:00,41.4,59
2025-06-07 11:00,34.3,59
2025-06-07 12:00,32.7,62
2025-06-07 13:00,39.3,60
2025-06-07 14:00,45.4,56
2025-06-07 15:00,48,47
2025-06-07 16:00,44.2,55
2025-06-07 17:00,38,52
2025-06-07 18:00,30.3,62
2025-06-07 19:00,27.1,68
2025-06-07 20:00,24.4,71
2025-06-07 21:00,23.8,76
2025-06-07 22:00,22.9,82
2025-06-07 23:00,21.7,84
2025-06-08 0:00,21.5,85
2025-06-08 1:00,20.9,87
2025-06-08 2:00,20.8,87
2025-06-08 3:00,20.8,87
2025-06-08 4:00,20.4,86
2025-06-08 5:00,20.1,86
2025-06-08 6:00,20.4,85
2025-06-08 7:00,22.5,85
2025-06-08 8:00,24.7,83
2025-06-08 9:00,26.5,78
2025-06-08 10:00,41.3,72
2025-06-08 11:00,33.8,62
2025-06-08 12:00,52.6,52
2025-06-08 13:00,51.5,47
2025-06-08 14:00,49.9,43
2025-06-08 15:00,48.7,51
2025-06-08 16:00,43.4,53
2025-06-08 17:00,38.4,54
2025-06-08 18:00,33.1,57
2025-06-08 19:00,28.1,62
2025-06-08 20:00,24.4,66
2025-06-08 21:00,22.1,68
2025-06-08 22:00,21.3,70
2025-06-08 23:00,20.4,75
2025-06-09 0:00,22.2,76
2025-06-09 1:00,22.7,79
2025-06-09 2:00,22.4,79
2025-06-09 3:00,22.1,81
2025-06-09 4:00,21.5,78
2025-06-09 5:00,20.2,72
2025-06-09 6:00,20.4,73
2025-06-09 7:00,23.3,73
2025-06-09 8:00,26.7,71
2025-06-09 9:00,33.1,67
2025-06-09 10:00,44.2,62
2025-06-09 11:00,48.8,56
2025-06-09 12:00,57.8,50
2025-06-09 13:00,62.4,45
2025-06-09 14:00,57,46
2025-06-09 15:00,53.1,48
2025-06-09 16:00,50.5,43
2025-06-09 17:00,44.3,34
2025-06-09 18:00,33.7,55
2025-06-09 19:00,27.9,64
2025-06-09 20:00,23.6,69
2025-06-09 21:00,21.5,76
2025-06-09 22:00,20.4,77
2025-06-09 23:00,19.7,78
2025-06-10 0:00,19.3,83
2025-06-10 1:00,20.1,82
2025-06-10 2:00,20.6,78
2025-06-10 3:00,20.8,82
2025-06-10 4:00,20.2,82
2025-06-10 5:00,18.5,84
2025-06-10 6:00,19.7,83
2025-06-10 7:00,23.4,80
2025-06-10 8:00,27.7,75
2025-06-10 9:00,29.8,73
2025-06-10 10:00,36.3,71
2025-06-10 11:00,31.6,71
2025-06-10 12:00,33.2,72
2025-06-10 13:00,30.6,72
2025-06-10 14:00,34.5,71
2025-06-10 15:00,35.8,69
2025-06-10 16:00,35.3,67
2025-06-10 17:00,39,58
2025-06-10 18:00,30.7,60
2025-06-10 19:00,25.2,67
2025-06-10 20:00,21.4,62
2025-06-10 21:00,19.3,67
2025-06-10 22:00,18.1,70
2025-06-10 23:00,17.1,67
2025-06-11 0:00,15.7,67
2025-06-11 1:00,15.2,69
2025-06-11 2:00,14.4,73
2025-06-11 3:00,13.7,75
2025-06-11 4:00,13.2,74
2025-06-11 5:00,12.7,76
2025-06-11 6:00,13.4,78
2025-06-11 7:00,17.4,73
2025-06-11 8:00,29.8,64
2025-06-11 9:00,41,56
2025-06-11 10:00,50.1,47
2025-06-11 11:00,54.9,41
2025-06-11 12:00,59.9,41
2025-06-11 13:00,61.1,42
2025-06-11 14:00,59.2,40
2025-06-11 15:00,55.7,37
2025-06-11 16:00,49.3,37
2025-06-11 17:00,43.2,37
2025-06-11 18:00,33.8,39
2025-06-11 19:00,27.8,41
2025-06-11 20:00,23.4,45
2025-06-11 21:00,21.2,50
2025-06-11 22:00,19.5,54
2025-06-11 23:00,18.9,57
2025-06-12 0:00,18.3,61
2025-06-12 1:00,17.9,66
2025-06-12 2:00,17.2,67
2025-06-12 3:00,16.4,68
2025-06-12 4:00,16,72
2025-06-12 5:00,15.2,73
2025-06-12 6:00,15.7,74
2025-06-12 7:00,19.7,70
2025-06-12 8:00,31.1,59
2025-06-12 9:00,42.2,53
2025-06-12 10:00,51.9,45
2025-06-12 11:00,57.4,42
2025-06-12 12:00,62.2,37
2025-06-12 13:00,64.6,33
2025-06-12 14:00,64.1,31
2025-06-12 15:00,59.7,28
2025-06-12 16:00,53.9,27
2025-06-12 17:00,45.6,38
2025-06-12 18:00,37.1,42
2025-06-12 19:00,31.3,43
2025-06-12 20:00,26.5,45
2025-06-12 21:00,24.2,48
2025-06-12 22:00,22.8,49
2025-06-12 23:00,21.6,52
2025-06-13 0:00,20.8,53
2025-06-13 1:00,20.3,57
2025-06-13 2:00,18.9,58
2025-06-13 3:00,18.5,59
2025-06-13 4:00,17.6,63
2025-06-13 5:00,17.8,62
2025-06-13 6:00,18.6,65
2025-06-13 7:00,22.7,66
2025-06-13 8:00,31.3,56
2025-06-13 9:00,36.7,50
2025-06-13 10:00,41.5,43
2025-06-13 11:00,49.2,41
2025-06-13 12:00,48,44
2025-06-13 13:00,48.1,45
2025-06-13 14:00,43.9,46
2025-06-13 15:00,37.4,49
2025-06-13 16:00,33.8,50
2025-06-13 17:00,29.7,53
2025-06-13 18:00,23.3,63
2025-06-13 19:00,21.6,70
2025-06-13 20:00,20.5,75
2025-06-13 21:00,20.2,74
2025-06-13 22:00,19.7,82
2025-06-13 23:00,19.4,84
2025-06-14 0:00,19.1,83
2025-06-14 1:00,18.9,83
2025-06-14 2:00,18.9,82
2025-06-14 3:00,18.7,82
2025-06-14 4:00,18.7,82
2025-06-14 5:00,19,83
2025-06-14 6:00,18.9,80
2025-06-14 7:00,19.4,80
2025-06-14 8:00,22.2,79
2025-06-14 9:00,25,75
2025-06-14 10:00,32.3,71
2025-06-14 11:00,44,66
2025-06-14 12:00,45.6,61
2025-06-14 13:00,53,55
2025-06-14 14:00,48.6,51
2025-06-14 15:00,46.3,50
2025-06-14 16:00,39.7,50
2025-06-14 17:00,42.7,48
2025-06-14 18:00,34.7,49
2025-06-14 19:00,29.9,55
2025-06-14 20:00,26.2,59
2025-06-14 21:00,24,65
2025-06-14 22:00,22.6,68
2025-06-14 23:00,21.3,69
2025-06-15 0:00,20.2,68
2025-06-15 1:00,19.7,72
2025-06-15 2:00,19.1,74
2025-06-15 3:00,19.7,75
2025-06-15 4:00,18.7,76
2025-06-15 5:00,19.5,77
2025-06-15 6:00,19.3,77
2025-06-15 7:00,23.2,75
2025-06-15 8:00,33.4,69
2025-06-15 9:00,42.4,65
2025-06-15 10:00,51.2,59
2025-06-15 11:00,53.6,54
2025-06-15 12:00,51.8,52
2025-06-15 13:00,58.1,47
2025-06-15 14:00,61.2,45
2025-06-15 15:00,53,44
2025-06-15 16:00,39.8,50
2025-06-15 17:00,34.7,55
2025-06-15 18:00,27.7,68
2025-06-15 19:00,24.5,77
2025-06-15 20:00,23.8,78
2025-06-15 21:00,23.1,83
2025-06-15 22:00,22.8,91
2025-06-15 23:00,22.5,92
2025-06-16 0:00,21.6,93
2025-06-16 1:00,20.9,94
2025-06-16 2:00,21.2,92
2025-06-16 3:00,21.3,94
2025-06-16 4:00,21.2,94
2025-06-16 5:00,21.4,95
2025-06-16 6:00,21.3,96
2025-06-16 7:00,21.5,94
2025-06-16 8:00,21.8,95
2025-06-16 9:00,22.5,95
2025-06-16 10:00,23.9,92
2025-06-16 11:00,25.4,90
2025-06-16 12:00,26.6,87
2025-06-16 13:00,25.8,83
2025-06-16 14:00,23.5,93
2025-06-16 15:00,24.8,87
2025-06-16 16:00,23.9,87
2025-06-16 17:00,24.5,83
2025-06-16 18:00,23.3,79
2025-06-16 19:00,22.5,81
2025-06-16 20:00,21.7,81
2025-06-16 21:00,21,81
2025-06-16 22:00,20.6,82
2025-06-16 23:00,20.7,80
2025-06-17 0:00,20.6,83
2025-06-17 1:00,20.5,84
2025-06-17 2:00,20.3,84
2025-06-17 3:00,19.4,85
2025-06-17 4:00,19.9,87
2025-06-17 5:00,19.3,87
2025-06-17 6:00,20.4,88
2025-06-17 7:00,21.4,87
2025-06-17 8:00,24,85
2025-06-17 9:00,26,79
2025-06-17 10:00,30.3,72
2025-06-17 11:00,33.7,66
2025-06-17 12:00,37,61
2025-06-17 13:00,32.7,56
2025-06-17 14:00,33.6,57
2025-06-17 15:00,33,56
2025-06-17 16:00,33.9,55
2025-06-17 17:00,31.5,57
2025-06-17 18:00,28.1,60
2025-06-17 19:00,25.4,62
2025-06-17 20:00,23.5,66
2025-06-17 21:00,22.5,75
2025-06-17 22:00,21.8,77
2025-06-17 23:00,21.3,79
2025-06-18 0:00,20.8,82
2025-06-18 1:00,20.2,83
2025-06-18 2:00,20,85
2025-06-18 3:00,20.1,86
2025-06-18 4:00,19.8,89
2025-06-18 5:00,19.7,90
2025-06-18 6:00,19.8,90
2025-06-18 7:00,22.1,87
2025-06-18 8:00,26.9,79
2025-06-18 9:00,28.3,75
2025-06-18 10:00,34,68
2025-06-18 11:00,36.2,61
2025-06-18 12:00,41.2,53
2025-06-18 13:00,43.7,51
2025-06-18 14:00,43.4,49
2025-06-18 15:00,42.3,48
2025-06-18 16:00,39.7,47
2025-06-18 17:00,36,45
2025-06-18 18:00,30.3,46
2025-06-18 19:00,27.4,51
2025-06-18 20:00,25.3,58
2025-06-18 21:00,23.9,61
2025-06-18 22:00,22.9,59
2025-06-18 23:00,21.9,60
2025-06-19 0:00,21.3,63
2025-06-19 1:00,20.8,65
2025-06-19 2:00,20.3,68
2025-06-19 3:00,19.8,68
2025-06-19 4:00,19.3,69
2025-06-19 5:00,18.8,72
2025-06-19 6:00,19.2,75
2025-06-19 7:00,22.2,73
2025-06-19 8:00,26.5,68
2025-06-19 9:00,33.5,62
2025-06-19 10:00,37.9,54
2025-06-19 11:00,43,51
2025-06-19 12:00,48,48
2025-06-19 13:00,50.5,44
2025-06-19 14:00,46,42
2025-06-19 15:00,45.9,34
2025-06-19 16:00,37.7,40
2025-06-19 17:00,36.8,46
2025-06-19 18:00,31.4,50
2025-06-19 19:00,29.2,52
2025-06-19 20:00,28,52
2025-06-19 21:00,27.6,58
2025-06-19 22:00,25.4,72
2025-06-19 23:00,25.1,72
2025-06-20 0:00,24.7,68
2025-06-20 1:00,24.2,74
2025-06-20 2:00,24.1,84
2025-06-20 3:00,24,87
2025-06-20 4:00,23.6,90
2025-06-20 5:00,23.5,90
2025-06-20 6:00,23.3,94
2025-06-20 7:00,23.3,95
2025-06-20 8:00,23.7,92
2025-06-20 9:00,24.1,93
2025-06-20 10:00,24.3,92
2025-06-20 11:00,23.8,93
2025-06-20 12:00,25.1,90
2025-06-20 13:00,25.3,86
2025-06-20 14:00,25.2,89
2025-06-20 15:00,25,93
2025-06-20 16:00,23.8,94
2025-06-20 17:00,23.1,94
2025-06-20 18:00,22.6,96
2025-06-20 19:00,22.5,96
2025-06-20 20:00,22.2,95
2025-06-20 21:00,22.1,98
2025-06-20 22:00,21.8,98
2025-06-20 23:00,21.6,97
2025-06-21 0:00,21,96
2025-06-21 1:00,20.7,95
2025-06-21 2:00,21.3,96
2025-06-21 3:00,21.1,96
2025-06-21 4:00,21.3,97
2025-06-21 5:00,21.3,97
2025-06-21 6:00,21.2,96
2025-06-21 7:00,21.7,96
2025-06-21 8:00,22.6,96
2025-06-21 9:00,22.8,96
2025-06-21 10:00,23.2,94
2025-06-21 11:00,24.9,93
2025-06-21 12:00,25.1,89
2025-06-21 13:00,24.3,87
2025-06-21 14:00,24.5,84
2025-06-21 15:00,26,80
2025-06-21 16:00,26.8,77
2025-06-21 17:00,25.7,75
2025-06-21 18:00,24.7,79
2025-06-21 19:00,22.6,81
2025-06-21 20:00,21.7,84
2025-06-21 21:00,21.1,85
2025-06-21 22:00,20.4,85
2025-06-21 23:00,19.9,84
2025-06-22 0:00,19.5,84
2025-06-22 1:00,18.9,83
2025-06-22 2:00,18.4,85
2025-06-22 3:00,17.8,86
2025-06-22 4:00,17.2,89
2025-06-22 5:00,16.9,91
2025-06-22 6:00,17.2,91
2025-06-22 7:00,19.2,91
2025-06-22 8:00,25.5,84
2025-06-22 9:00,30.2,68
2025-06-22 10:00,33.3,64
2025-06-22 11:00,36.1,64
2025-06-22 12:00,37.4,59
2025-06-22 13:00,37.9,57
2025-06-22 14:00,36.8,50
2025-06-22 15:00,35.3,51
2025-06-22 16:00,33.1,50
2025-06-22 17:00,30.4,50
2025-06-22 18:00,26.7,51
2025-06-22 19:00,24.3,58
2025-06-22 20:00,22.2,62
2025-06-22 21:00,21.5,67
2025-06-22 22:00,21,75
2025-06-22 23:00,20.3,74
2025-06-23 0:00,19.8,76
2025-06-23 1:00,19.5,80
2025-06-23 2:00,19.2,79
2025-06-23 3:00,18.9,79
2025-06-23 4:00,18.7,84
2025-06-23 5:00,18.5,85
2025-06-23 6:00,18.9,88
2025-06-23 7:00,20.9,86
2025-06-23 8:00,26.3,78
2025-06-23 9:00,30.7,70
2025-06-23 10:00,34.8,63
2025-06-23 11:00,37.8,58
2025-06-23 12:00,39.9,57
2025-06-23 13:00,42.2,52
2025-06-23 14:00,42.6,49
2025-06-23 15:00,39.8,48
2025-06-23 16:00,37.4,47
2025-06-23 17:00,35.2,50
2025-06-23 18:00,31,51
2025-06-23 19:00,28.2,52
2025-06-23 20:00,25.6,54
2025-06-23 21:00,24.4,60
2025-06-23 22:00,23.8,63
2025-06-23 23:00,23.2,66
2025-06-24 0:00,22.6,65
2025-06-24 1:00,21.9,68
2025-06-24 2:00,21.6,71
2025-06-24 3:00,21.6,71
2025-06-24 4:00,21.3,71
2025-06-24 5:00,21,69
2025-06-24 6:00,21.5,67
2025-06-24 7:00,23,70
2025-06-24 8:00,23.4,68
2025-06-24 9:00,24.1,62
2025-06-24 10:00,24.9,64
2025-06-24 11:00,30.9,60
2025-06-24 12:00,28.8,56
2025-06-24 13:00,30.5,46
2025-06-24 14:00,29.6,46
2025-06-24 15:00,27.4,49
2025-06-24 16:00,25.8,49
2025-06-24 17:00,25.5,52
2025-06-24 18:00,26,53
2025-06-24 19:00,23.7,53
2025-06-24 20:00,22.7,53
2025-06-24 21:00,22.1,66
2025-06-24 22:00,21.3,84
2025-06-24 23:00,20.7,88
2025-06-25 0:00,20.4,83
2025-06-25 1:00,20.3,79
2025-06-25 2:00,20.3,75
2025-06-25 3:00,19.8,83
2025-06-25 4:00,19.6,86
2025-06-25 5:00,19.4,81
2025-06-25 6:00,19.6,81
2025-06-25 7:00,20.1,83
2025-06-25 8:00,20.8,90
2025-06-25 9:00,21.3,91
2025-06-25 10:00,22,94
2025-06-25 11:00,23.1,93
2025-06-25 12:00,23.3,91
2025-06-25 13:00,25.4,87
2025-06-25 14:00,24.3,86
2025-06-25 15:00,24,89
2025-06-25 16:00,24.1,93
2025-06-25 17:00,23.2,91
2025-06-25 18:00,22.4,92
2025-06-25 19:00,21.5,95
2025-06-25 20:00,21,93
2025-06-25 21:00,20.9,91
2025-06-25 22:00,20.7,91
2025-06-25 23:00,20.7,90
2025-06-26 0:00,20.6,93
2025-06-26 1:00,20.3,93
2025-06-26 2:00,20,92
2025-06-26 3:00,20.4,92
2025-06-26 4:00,20.2,96
2025-06-26 5:00,19.9,94
2025-06-26 6:00,20.1,95
2025-06-26 7:00,20.6,93
2025-06-26 8:00,22,93
2025-06-26 9:00,25.6,90
2025-06-26 10:00,23.7,87
2025-06-26 11:00,27.2,82
2025-06-26 12:00,25,82
2025-06-26 13:00,25.3,83
2025-06-26 14:00,26.1,81
2025-06-26 15:00,24,79
2025-06-26 16:00,23.7,81
2025-06-26 17:00,26.1,78
2025-06-26 18:00,24.7,77
2025-06-26 19:00,23.7,78
2025-06-26 20:00,22,80
2025-06-26 21:00,20.9,80
2025-06-26 22:00,20.4,83
2025-06-26 23:00,20.3,85
2025-06-27 0:00,20.4,87
2025-06-27 1:00,20.2,88
2025-06-27 2:00,19.9,88
2025-06-27 3:00,20.1,89
2025-06-27 4:00,20.3,89
2025-06-27 5:00,19.1,89
2025-06-27 6:00,19.7,91
2025-06-27 7:00,20.9,89
2025-06-27 8:00,22.3,88
2025-06-27 9:00,23.6,86
2025-06-27 10:00,23.4,84
2025-06-27 11:00,23.7,83
2025-06-27 12:00,25.8,79
2025-06-27 13:00,27.6,76
2025-06-27 14:00,29,74
2025-06-27 15:00,33.9,67
2025-06-27 16:00,33.5,65
2025-06-27 17:00,29.6,63
2025-06-27 18:00,28,64
2025-06-27 19:00,25.5,64
2025-06-27 20:00,23.5,68
2025-06-27 21:00,23.1,71
2025-06-27 22:00,22.6,75
2025-06-27 23:00,22.4,77
2025-06-28 0:00,22.1,78
2025-06-28 1:00,22.2,79
2025-06-28 2:00,22,80
2025-06-28 3:00,22.1,84
2025-06-28 4:00,22,86
2025-06-28 5:00,22,86
2025-06-28 6:00,22,88
2025-06-28 7:00,22.2,91
2025-06-28 8:00,23,90
2025-06-28 9:00,23.7,90
2025-06-28 10:00,27.1,88
2025-06-28 11:00,25.9,84
2025-06-28 12:00,26.5,82
2025-06-28 13:00,25.4,83
2025-06-28 14:00,27.7,83
2025-06-28 15:00,28.5,83
2025-06-28 16:00,28.7,82
2025-06-28 17:00,27.7,81
2025-06-28 18:00,26.5,82
2025-06-28 19:00,25.2,83
2025-06-28 20:00,24,83
2025-06-28 21:00,23.4,85
2025-06-28 22:00,23.3,85
2025-06-28 23:00,23.4,85
2025-06-29 0:00,23.3,86
2025-06-29 1:00,23,86
2025-06-29 2:00,22.9,87
2025-06-29 3:00,22.7,86
2025-06-29 4:00,22.4,89
2025-06-29 5:00,22.2,89
2025-06-29 6:00,22.2,86
2025-06-29 7:00,22.4,85
2025-06-29 8:00,24.5,83
2025-06-29 9:00,24.8,80
2025-06-29 10:00,26.6,80
2025-06-29 11:00,28.1,76
2025-06-29 12:00,30.5,76
2025-06-29 13:00,28.2,74
2025-06-29 14:00,29.4,72
2025-06-29 15:00,31,69
2025-06-29 16:00,32.3,69
2025-06-29 17:00,29.3,67
2025-06-29 18:00,26.3,66
2025-06-29 19:00,25,61
2025-06-29 20:00,23.6,67
2025-06-29 21:00,22.7,73
2025-06-29 22:00,22.3,78
2025-06-29 23:00,22.2,80
2025-06-30 0:00,21.7,81
2025-06-30 1:00,22.4,83
2025-06-30 2:00,22.6,83
2025-06-30 3:00,22.2,84
2025-06-30 4:00,22.4,85
2025-06-30 5:00,22.4,85
2025-06-30 6:00,22.5,85
2025-06-30 7:00,24.1,85
2025-06-30 8:00,25.1,83
2025-06-30 9:00,26.3,78
2025-06-30 10:00,27.9,73
2025-06-30 11:00,32.1,70
2025-06-30 12:00,32.3,66
2025-06-30 13:00,32.9,66
2025-06-30 14:00,33.5,64
2025-06-30 15:00,31.8,65
2025-06-30 16:00,31.3,63
2025-06-30 17:00,28.6,65
2025-06-30 18:00,27.6,68
2025-06-30 19:00,26.6,67
2025-06-30 20:00,26,71
2025-06-30 21:00,25.4,74
2025-06-30 22:00,25.5,75
2025-06-30 23:00,25.4,77
2025-07-01 0:00,25.1,77
2025-07-01 1:00,25,79
2025-07-01 2:00,25,81
2025-07-01 3:00,24.8,82
2025-07-01 4:00,24.7,84
2025-07-01 5:00,24.7,84
2025-07-01 6:00,24.9,87
2025-07-01 7:00,25.6,91
2025-07-01 8:00,26.7,91
2025-07-01 9:00,27.8,88
2025-07-01 10:00,30,83
2025-07-01 11:00,33.4,78
2025-07-01 12:00,34.1,75
2025-07-01 13:00,36.5,71
2025-07-01 14:00,34.4,69
2025-07-01 15:00,32.2,69
2025-07-01 16:00,33.9,69
2025-07-01 17:00,31.5,68
2025-07-01 18:00,30.1,69
2025-07-01 19:00,27.6,71
2025-07-01 20:00,27.3,74
2025-07-01 21:00,26.4,78
2025-07-01 22:00,25.8,79
2025-07-01 23:00,25.8,81
2025-07-02 0:00,25.6,81
2025-07-02 1:00,25.5,82
2025-07-02 2:00,25.1,82
2025-07-02 3:00,25.3,83
2025-07-02 4:00,25.3,84
2025-07-02 5:00,25.2,84
2025-07-02 6:00,25.3,83
2025-07-02 7:00,26.3,82
2025-07-02 8:00,26.8,81
2025-07-02 9:00,28.9,79
2025-07-02 10:00,29.7,77
2025-07-02 11:00,30.7,75
2025-07-02 12:00,33.5,69
2025-07-02 13:00,33.9,67
2025-07-02 14:00,32.3,69
2025-07-02 15:00,33,69
2025-07-02 16:00,33.2,66
2025-07-02 17:00,32.9,62
2025-07-02 18:00,30.8,67
2025-07-02 19:00,27.7,67
2025-07-02 20:00,26.6,71
2025-07-02 21:00,26.1,78
2025-07-02 22:00,26,79
2025-07-02 23:00,25.7,81
2025-07-03 0:00,25.6,82
2025-07-03 1:00,25.4,84
2025-07-03 2:00,25.4,85
2025-07-03 3:00,25.3,85
2025-07-03 4:00,25.3,87
2025-07-03 5:00,25.3,85
2025-07-03 6:00,25.3,85
2025-07-03 7:00,25.4,84
2025-07-03 8:00,26.3,83
2025-07-03 9:00,26.9,81
2025-07-03 10:00,28.9,80
2025-07-03 11:00,29.4,77
2025-07-03 12:00,29.7,75
2025-07-03 13:00,32.2,75
2025-07-03 14:00,35.7,69
2025-07-03 15:00,38.8,61
2025-07-03 16:00,35,61
2025-07-03 17:00,34.6,56
2025-07-03 18:00,29.7,63
2025-07-03 19:00,28.9,70
2025-07-03 20:00,27.2,72
2025-07-03 21:00,26.1,74
2025-07-03 22:00,25.4,76
2025-07-03 23:00,24.9,79
2025-07-04 0:00,24.4,80
2025-07-04 1:00,24.6,80
2025-07-04 2:00,24.3,81
2025-07-04 3:00,24.4,80
2025-07-04 4:00,23.8,81
2025-07-04 5:00,24,82
2025-07-04 6:00,24.4,84
2025-07-04 7:00,25.2,82
2025-07-04 8:00,27.5,78
2025-07-04 9:00,27.3,75
2025-07-04 10:00,28.1,73
2025-07-04 11:00,27.9,75
2025-07-04 12:00,26.7,76
2025-07-04 13:00,28.2,74
2025-07-04 14:00,36,69
2025-07-04 15:00,33.5,67
2025-07-04 16:00,29.2,71
2025-07-04 17:00,28,74
2025-07-04 18:00,27.6,75
2025-07-04 19:00,26.5,76
2025-07-04 20:00,26.2,77
2025-07-04 21:00,25.8,78
2025-07-04 22:00,25.5,79
2025-07-04 23:00,25.3,81
2025-07-05 0:00,25.1,81
2025-07-05 1:00,25,81
2025-07-05 2:00,24.8,82
2025-07-05 3:00,24.6,81
2025-07-05 4:00,24.6,83
2025-07-05 5:00,24.5,83
2025-07-05 6:00,24.6,81
2025-07-05 7:00,25.4,82
2025-07-05 8:00,26.1,81
2025-07-05 9:00,27.6,77
2025-07-05 10:00,28,73
2025-07-05 11:00,28.5,71
2025-07-05 12:00,31.9,68
2025-07-05 13:00,33.5,66
2025-07-05 14:00,35.9,64
2025-07-05 15:00,39.9,61
2025-07-05 16:00,36.6,60
2025-07-05 17:00,32.9,61
2025-07-05 18:00,31,65
2025-07-05 19:00,29.3,68
2025-07-05 20:00,27.7,71
2025-07-05 21:00,26.9,72
2025-07-05 22:00,26.4,76
2025-07-05 23:00,25.8,79
2025-07-06 0:00,25.2,78
2025-07-06 1:00,24.7,79
2025-07-06 2:00,24.5,80
2025-07-06 3:00,24.7,81
2025-07-06 4:00,24.7,82
2025-07-06 5:00,24.6,82
2025-07-06 6:00,24.9,83
2025-07-06 7:00,25.1,82
2025-07-06 8:00,25.7,83
2025-07-06 9:00,25.7,82
2025-07-06 10:00,28,79
2025-07-06 11:00,32.6,76
2025-07-06 12:00,39.4,68
2025-07-06 13:00,40,63
2025-07-06 14:00,39.9,61
2025-07-06 15:00,37.6,60
2025-07-06 16:00,34.4,62
2025-07-06 17:00,33.3,62
2025-07-06 18:00,32.7,67
2025-07-06 19:00,31,67
2025-07-06 20:00,29,72
2025-07-06 21:00,28,74
2025-07-06 22:00,27.2,77
2025-07-06 23:00,26.8,79
2025-07-07 0:00,26.4,79
2025-07-07 1:00,26.2,79
2025-07-07 2:00,25.9,81
2025-07-07 3:00,25.9,82
2025-07-07 4:00,25.8,81
2025-07-07 5:00,25.7,82
2025-07-07 6:00,25.5,85
2025-07-07 7:00,26,84
2025-07-07 8:00,26.5,84
2025-07-07 9:00,27.1,83
2025-07-07 10:00,27.6,82
2025-07-07 11:00,27.8,81
2025-07-07 12:00,28.7,79
2025-07-07 13:00,34.2,74
2025-07-07 14:00,36.8,70
2025-07-07 15:00,35.1,66
2025-07-07 16:00,36.2,67
2025-07-07 17:00,35.5,69
2025-07-07 18:00,33.2,72
2025-07-07 19:00,30.5,75
2025-07-07 20:00,28.7,81
2025-07-07 21:00,27.7,81
2025-07-07 22:00,27,82
2025-07-07 23:00,26.4,83
2025-07-08 0:00,26.2,84
2025-07-08 1:00,25.8,85
2025-07-08 2:00,25.5,87
2025-07-08 3:00,25.3,87
2025-07-08 4:00,25,88
2025-07-08 5:00,24.7,88
2025-07-08 6:00,24.8,88
2025-07-08 7:00,26.3,85
2025-07-08 8:00,30.1,77
2025-07-08 9:00,35.5,72
2025-07-08 10:00,40.3,65
2025-07-08 11:00,44.4,60
2025-07-08 12:00,46,56
2025-07-08 13:00,39.1,55
2025-07-08 14:00,46.3,51
2025-07-08 15:00,47.1,48
2025-07-08 16:00,37.8,49
2025-07-08 17:00,37.8,49
2025-07-08 18:00,36.3,57
2025-07-08 19:00,28.9,80
2025-07-08 20:00,27.4,81
2025-07-08 21:00,27.3,87
2025-07-08 22:00,27.2,84
2025-07-08 23:00,27,84
2025-07-09 0:00,26.8,85
2025-07-09 1:00,26.6,81
2025-07-09 2:00,26.2,79
2025-07-09 3:00,26,82
2025-07-09 4:00,25.7,81
2025-07-09 5:00,25.4,82
2025-07-09 6:00,25.4,80
2025-07-09 7:00,26,77
2025-07-09 8:00,29.6,71
2025-07-09 9:00,33.2,63
2025-07-09 10:00,35.6,62
2025-07-09 11:00,38,57
2025-07-09 12:00,36.4,55
2025-07-09 13:00,36.1,53
2025-07-09 14:00,39.8,48
2025-07-09 15:00,37.1,48
2025-07-09 16:00,35,46
2025-07-09 17:00,32.9,47
2025-07-09 18:00,32.2,48
2025-07-09 19:00,30.5,51
2025-07-09 20:00,29,53
2025-07-09 21:00,28.1,54
2025-07-09 22:00,26.9,54
2025-07-09 23:00,26.4,58
2025-07-10 0:00,26.5,59
2025-07-10 1:00,25.9,62
2025-07-10 2:00,25.2,64
2025-07-10 3:00,24.8,65
2025-07-10 4:00,24.6,64
2025-07-10 5:00,24.1,63
2025-07-10 6:00,23.8,64
2025-07-10 7:00,24.8,63
2025-07-10 8:00,29.3,55
2025-07-10 9:00,33.5,49
2025-07-10 10:00,36.1,43
2025-07-10 11:00,39.4,42
2025-07-10 12:00,42.2,42
2025-07-10 13:00,43.8,40
2025-07-10 14:00,45.5,39
2025-07-10 15:00,45.4,37
2025-07-10 16:00,43.7,36
2025-07-10 17:00,40,35
2025-07-10 18:00,35.6,34
2025-07-10 19:00,32.1,34
2025-07-10 20:00,29.5,35
2025-07-10 21:00,27.9,39
2025-07-10 22:00,26.9,40
2025-07-10 23:00,26.1,42
2025-07-11 0:00,25.4,43
2025-07-11 1:00,24.5,45
2025-07-11 2:00,24.1,49
2025-07-11 3:00,23.4,50
2025-07-11 4:00,23.1,53
2025-07-11 5:00,22.7,56
2025-07-11 6:00,22.6,58
2025-07-11 7:00,23.9,57
2025-07-11 8:00,29.8,52
2025-07-11 9:00,35.3,49
2025-07-11 10:00,40.5,47
2025-07-11 11:00,44.5,45
2025-07-11 12:00,47.3,44
2025-07-11 13:00,49.6,40
2025-07-11 14:00,50.6,41
2025-07-11 15:00,53.5,38
2025-07-11 16:00,51.5,37
2025-07-11 17:00,46.5,35
2025-07-11 18:00,37.3,38
2025-07-11 19:00,32.7,39
2025-07-11 20:00,29.8,43
2025-07-11 21:00,28.1,47
2025-07-11 22:00,26.8,50
2025-07-11 23:00,26,51
2025-07-12 0:00,25.1,53
2025-07-12 1:00,24.4,53
2025-07-12 2:00,23.4,54
2025-07-12 3:00,22.4,55
2025-07-12 4:00,22.1,56
2025-07-12 5:00,21.3,56
2025-07-12 6:00,21.4,58
2025-07-12 7:00,23.3,56
2025-07-12 8:00,32.2,50
2025-07-12 9:00,39.6,46
2025-07-12 10:00,46.5,40
2025-07-12 11:00,52.6,37
2025-07-12 12:00,57.2,37
2025-07-12 13:00,60,32
2025-07-12 14:00,59.8,30
2025-07-12 15:00,57.8,29
2025-07-12 16:00,52.7,28
2025-07-12 17:00,47.5,29
2025-07-12 18:00,37.5,38
2025-07-12 19:00,32.6,48
2025-07-12 20:00,29.5,51
2025-07-12 21:00,27.7,53
2025-07-12 22:00,26.6,57
2025-07-12 23:00,26.1,60
2025-07-13 0:00,25.7,64
2025-07-13 1:00,24.8,66
2025-07-13 2:00,24.1,66
2025-07-13 3:00,24.1,69
2025-07-13 4:00,23.6,67
2025-07-13 5:00,23.2,67
2025-07-13 6:00,23.5,69
2025-07-13 7:00,26.7,66
2025-07-13 8:00,31.4,64
2025-07-13 9:00,36.7,60
2025-07-13 10:00,38.4,58
2025-07-13 11:00,38.9,58
2025-07-13 12:00,37.9,58
2025-07-13 13:00,37.9,58
2025-07-13 14:00,28.8,69
2025-07-13 15:00,28,71
2025-07-13 16:00,29,67
2025-07-13 17:00,28.2,65
2025-07-13 18:00,27.3,69
2025-07-13 19:00,27.1,68
2025-07-13 20:00,26.2,67
2025-07-13 21:00,25.2,70
2025-07-13 22:00,24.9,67
2025-07-13 23:00,23.9,67
2025-07-14 0:00,23.8,68
2025-07-14 1:00,24,64
2025-07-14 2:00,23.5,66
2025-07-14 3:00,23,67
2025-07-14 4:00,22.3,70
2025-07-14 5:00,21.9,73
2025-07-14 6:00,22.1,74
2025-07-14 7:00,24.1,75
2025-07-14 8:00,27.5,75
2025-07-14 9:00,28.1,74
2025-07-14 10:00,27.9,70
2025-07-14 11:00,36.3,62
2025-07-14 12:00,33.6,62
2025-07-14 13:00,27.3,73
2025-07-14 14:00,26.8,71
2025-07-14 15:00,24.8,77
2025-07-14 16:00,24.1,88
2025-07-14 17:00,24.4,85
2025-07-14 18:00,23.9,87
2025-07-14 19:00,23.5,89
2025-07-14 20:00,22.7,92
2025-07-14 21:00,22.3,93
2025-07-14 22:00,21.9,93
2025-07-14 23:00,21.7,95
2025-07-15 0:00,21.6,92
2025-07-15 1:00,21.5,94
2025-07-15 2:00,21.4,95
2025-07-15 3:00,21.4,93
2025-07-15 4:00,21.3,93
2025-07-15 5:00,21.1,94
2025-07-15 6:00,19.8,93
2025-07-15 7:00,20.2,93
2025-07-15 8:00,23.1,92
2025-07-15 9:00,22.8,89
2025-07-15 10:00,22.3,89
2025-07-15 11:00,24.5,85
2025-07-15 12:00,25.2,83
2025-07-15 13:00,28.5,85
2025-07-15 14:00,29.4,81
2025-07-15 15:00,31.2,77
2025-07-15 16:00,28.4,75
2025-07-15 17:00,26.8,78
2025-07-15 18:00,26.3,82
2025-07-15 19:00,24.8,75
2025-07-15 20:00,23.2,73
2025-07-15 21:00,23.2,75
2025-07-15 22:00,23.1,75
2025-07-15 23:00,22.8,79
2025-07-16 0:00,22.9,81
2025-07-16 1:00,22.8,82
2025-07-16 2:00,22.8,84
2025-07-16 3:00,22.8,85
2025-07-16 4:00,22.8,87
2025-07-16 5:00,22.9,87
2025-07-16 6:00,22.9,86
2025-07-16 7:00,23.6,88
2025-07-16 8:00,24.3,90
2025-07-16 9:00,24.1,85
2025-07-16 10:00,24.7,84
2025-07-16 11:00,23.1,81
2025-07-16 12:00,23.7,85
2025-07-16 13:00,23.2,78
2025-07-16 14:00,22.9,80
2025-07-16 15:00,22.7,89
2025-07-16 16:00,22.3,93
2025-07-16 17:00,22.4,94
2025-07-16 18:00,22.2,95
2025-07-16 19:00,21.8,96
2025-07-16 20:00,21.2,98
2025-07-16 21:00,21,98
2025-07-16 22:00,21.1,96
2025-07-16 23:00,21.3,95
2025-07-17 0:00,21.3,98
2025-07-17 1:00,21.5,97
2025-07-17 2:00,21.6,96
2025-07-17 3:00,21.6,97
2025-07-17 4:00,21.5,94
2025-07-17 5:00,21.3,96
2025-07-17 6:00,21.3,98
2025-07-17 7:00,21.2,99
2025-07-17 8:00,21.2,98
2025-07-17 9:00,21.1,98
2025-07-17 10:00,20.9,97
2025-07-17 11:00,23.2,96
2025-07-17 12:00,26.2,91
2025-07-17 13:00,25.5,87
2025-07-17 14:00,25.1,90
2025-07-17 15:00,25.4,89
2025-07-17 16:00,24.4,87
2025-07-17 17:00,23.6,91
2025-07-17 18:00,23.2,94
2025-07-17 19:00,22.9,92
2025-07-17 20:00,22.6,94
2025-07-17 21:00,22.3,94
2025-07-17 22:00,22.2,96
2025-07-17 23:00,22.2,96
2025-07-18 0:00,22.2,93
2025-07-18 1:00,22.1,92
2025-07-18 2:00,22.1,91
2025-07-18 3:00,22.1,91
2025-07-18 4:00,22.3,92
2025-07-18 5:00,22.1,95
2025-07-18 6:00,22.2,94
2025-07-18 7:00,22.5,94
2025-07-18 8:00,22.9,93
2025-07-18 9:00,22.4,96
2025-07-18 10:00,23.1,97
2025-07-18 11:00,25.6,96
2025-07-18 12:00,23.7,93
2025-07-18 13:00,25.2,94
2025-07-18 14:00,26.8,90
2025-07-18 15:00,25.9,87
2025-07-18 16:00,28.3,82
2025-07-18 17:00,27.7,83
2025-07-18 18:00,27,81
2025-07-18 19:00,25.7,81
2025-07-18 20:00,24.8,85
2025-07-18 21:00,24.1,86
2025-07-18 22:00,23.8,86
2025-07-18 23:00,23.4,88
2025-07-19 0:00,23.4,88
2025-07-19 1:00,23.5,92
2025-07-19 2:00,23.3,96
2025-07-19 3:00,21.6,92
2025-07-19 4:00,21,96
2025-07-19 5:00,21.1,96
2025-07-19 6:00,21.2,97
2025-07-19 7:00,21.6,97
2025-07-19 8:00,21.6,98
2025-07-19 9:00,22.3,96
2025-07-19 10:00,22.6,98
2025-07-19 11:00,23.1,99
2025-07-19 12:00,23.7,98
2025-07-19 13:00,24.8,98
2025-07-19 14:00,24.6,96
2025-07-19 15:00,25.2,96
2025-07-19 16:00,24.5,95
2025-07-19 17:00,24,94
2025-07-19 18:00,23.7,92
2025-07-19 19:00,22.9,92
2025-07-19 20:00,22.5,93
2025-07-19 21:00,22.3,94
2025-07-19 22:00,22.3,94
2025-07-19 23:00,22.4,98
2025-07-20 0:00,22.4,98
2025-07-20 1:00,22.6,99
2025-07-20 2:00,22.6,95
2025-07-20 3:00,22.5,98
2025-07-20 4:00,22.5,95
2025-07-20 5:00,22.4,96
2025-07-20 6:00,22.4,98
2025-07-20 7:00,24,95
2025-07-20 8:00,25.1,95
2025-07-20 9:00,27.9,92
2025-07-20 10:00,27.7,89
2025-07-20 11:00,33.7,83
2025-07-20 12:00,33.6,79
2025-07-20 13:00,30.8,76
2025-07-20 14:00,33.5,76
2025-07-20 15:00,33.2,73
2025-07-20 16:00,32.9,67
2025-07-20 17:00,33.5,65
2025-07-20 18:00,29.4,64
2025-07-20 19:00,27.5,66
2025-07-20 20:00,26,72
2025-07-20 21:00,25.3,77
2025-07-20 22:00,24.9,79
2025-07-20 23:00,24.8,79
2025-07-21 0:00,24.4,81
2025-07-21 1:00,23,83
2025-07-21 2:00,22.5,85
2025-07-21 3:00,22,86
2025-07-21 4:00,22,88
2025-07-21 5:00,22.4,88
2025-07-21 6:00,22.9,90
2025-07-21 7:00,23.4,88
2025-07-21 8:00,24.8,85
2025-07-21 9:00,25.5,83
2025-07-21 10:00,27.9,81
2025-07-21 11:00,34.1,77
2025-07-21 12:00,34.2,68
2025-07-21 13:00,34.5,70
2025-07-21 14:00,31.7,68
2025-07-21 15:00,33.7,64
2025-07-21 16:00,32.8,65
2025-07-21 17:00,31,66
2025-07-21 18:00,28.8,65
2025-07-21 19:00,26.5,70
2025-07-21 20:00,25.3,76
2025-07-21 21:00,24.8,79
2025-07-21 22:00,24.2,81
2025-07-21 23:00,24,81
2025-07-22 0:00,24,84
2025-07-22 1:00,23.7,85
2025-07-22 2:00,23.6,87
2025-07-22 3:00,23.4,86
2025-07-22 4:00,23.6,86
2025-07-22 5:00,23.5,87
2025-07-22 6:00,23.6,88
2025-07-22 7:00,24.3,86
2025-07-22 8:00,26.3,83
2025-07-22 9:00,30.1,78
2025-07-22 10:00,30.4,76
2025-07-22 11:00,31.7,72
2025-07-22 12:00,31.7,68
2025-07-22 13:00,37,68
2025-07-22 14:00,38.6,59
2025-07-22 15:00,38.3,59
2025-07-22 16:00,35.5,66
2025-07-22 17:00,31,69
2025-07-22 18:00,30.5,66
2025-07-22 19:00,28.4,68
2025-07-22 20:00,26.9,74
2025-07-22 21:00,26.2,80
2025-07-22 22:00,25.7,82
2025-07-22 23:00,25.2,82
2025-07-23 0:00,24.9,80
2025-07-23 1:00,24.8,82
2025-07-23 2:00,24.5,84
2025-07-23 3:00,24.6,85
2025-07-23 4:00,24.2,86
2025-07-23 5:00,24,87
2025-07-23 6:00,24.5,87
2025-07-23 7:00,25.8,86
2025-07-23 8:00,27.9,86
2025-07-23 9:00,32.5,77
2025-07-23 10:00,35.9,73
2025-07-23 11:00,37.4,68
2025-07-23 12:00,38.9,60
2025-07-23 13:00,39,57
2025-07-23 14:00,39.8,56
2025-07-23 15:00,36.2,55
2025-07-23 16:00,33.9,61
2025-07-23 17:00,33.1,63
2025-07-23 18:00,30.4,64
2025-07-23 19:00,28.8,64
2025-07-23 20:00,27.3,68
2025-07-23 21:00,26.1,65
2025-07-23 22:00,25.6,70
2025-07-23 23:00,25.1,67
2025-07-24 0:00,24.9,70
2025-07-24 1:00,24.5,74
2025-07-24 2:00,24.4,75
2025-07-24 3:00,24.5,79
2025-07-24 4:00,24.4,80
2025-07-24 5:00,24.3,81
2025-07-24 6:00,24.2,81
2025-07-24 7:00,25.3,81
2025-07-24 8:00,29.4,81
2025-07-24 9:00,33.2,69
2025-07-24 10:00,34.9,62
2025-07-24 11:00,36.6,64
2025-07-24 12:00,42.7,59
2025-07-24 13:00,44.9,54
2025-07-24 14:00,44.2,49
2025-07-24 15:00,37.1,56
2025-07-24 16:00,38.6,55
2025-07-24 17:00,36.6,56
2025-07-24 18:00,32.9,59
2025-07-24 19:00,30.6,62
2025-07-24 20:00,28.8,66
2025-07-24 21:00,27.8,67
2025-07-24 22:00,27.2,68
2025-07-24 23:00,26.4,72
2025-07-25 0:00,25.8,74
2025-07-25 1:00,25.4,77
2025-07-25 2:00,24.8,76
2025-07-25 3:00,24.5,78
2025-07-25 4:00,24.2,80
2025-07-25 5:00,23.9,81
2025-07-25 6:00,23.9,84
2025-07-25 7:00,25.3,84
2025-07-25 8:00,31.2,77
2025-07-25 9:00,35.7,69
2025-07-25 10:00,40.1,66
2025-07-25 11:00,41.8,59
2025-07-25 12:00,45.8,55
2025-07-25 13:00,45.8,52
2025-07-25 14:00,45.6,54
2025-07-25 15:00,46.1,52
2025-07-25 16:00,40.6,52
2025-07-25 17:00,39.1,52
2025-07-25 18:00,35,51
2025-07-25 19:00,31.9,52
2025-07-25 20:00,30,58
2025-07-25 21:00,28.8,61
2025-07-25 22:00,28,66
2025-07-25 23:00,27.5,68
2025-07-26 0:00,27.1,67
2025-07-26 1:00,26.5,69
2025-07-26 2:00,26.3,72
2025-07-26 3:00,26.1,73
2025-07-26 4:00,26,74
2025-07-26 5:00,25.8,75
2025-07-26 6:00,25.7,76
2025-07-26 7:00,26.9,76
2025-07-26 8:00,29.7,71
2025-07-26 9:00,38.6,64
2025-07-26 10:00,43.6,61
2025-07-26 11:00,45.6,56
2025-07-26 12:00,50.7,55
2025-07-26 13:00,42.6,53
2025-07-26 14:00,47.7,47
2025-07-26 15:00,42.5,49
2025-07-26 16:00,42.3,48
2025-07-26 17:00,41.5,46
2025-07-26 18:00,37,51
2025-07-26 19:00,32.6,48
2025-07-26 20:00,30.6,55
2025-07-26 21:00,29.5,61
2025-07-26 22:00,28.8,63
2025-07-26 23:00,28.3,65
2025-07-27 0:00,27.8,66
2025-07-27 1:00,27.3,67
2025-07-27 2:00,27,71
2025-07-27 3:00,26.7,72
2025-07-27 4:00,26.4,73
2025-07-27 5:00,26.1,75
2025-07-27 6:00,26,76
2025-07-27 7:00,26.8,76
2025-07-27 8:00,34.5,67
2025-07-27 9:00,39.1,61
2025-07-27 10:00,46.7,56
2025-07-27 11:00,52.1,53
2025-07-27 12:00,56,51
2025-07-27 13:00,57.9,46
2025-07-27 14:00,58.1,44
2025-07-27 15:00,56.4,43
2025-07-27 16:00,50.1,41
2025-07-27 17:00,43.4,46
2025-07-27 18:00,39,52
2025-07-27 19:00,34.9,56
2025-07-27 20:00,32.1,61
2025-07-27 21:00,30.7,69
2025-07-27 22:00,29.9,71
2025-07-27 23:00,29.5,74
2025-07-28 0:00,28.9,75
2025-07-28 1:00,28.4,76
2025-07-28 2:00,27.9,78
2025-07-28 3:00,27.6,79
2025-07-28 4:00,27.2,79
2025-07-28 5:00,26.8,81
2025-07-28 6:00,26.9,82
2025-07-28 7:00,28.3,81
2025-07-28 8:00,35.3,79
2025-07-28 9:00,42,68
2025-07-28 10:00,46.3,62
2025-07-28 11:00,51.7,58
2025-07-28 12:00,54.6,58
2025-07-28 13:00,56.7,53
2025-07-28 14:00,59.4,52
2025-07-28 15:00,55.4,53
2025-07-28 16:00,52.7,49
2025-07-28 17:00,46,51
2025-07-28 18:00,39.8,56
2025-07-28 19:00,35.6,61
2025-07-28 20:00,31.9,66
2025-07-28 21:00,30.3,69
2025-07-28 22:00,29.4,69
2025-07-28 23:00,28.8,72
2025-07-29 0:00,28.2,73
2025-07-29 1:00,27.8,76
2025-07-29 2:00,27.2,76
2025-07-29 3:00,26.7,76
2025-07-29 4:00,26.3,75
2025-07-29 5:00,26,78
2025-07-29 6:00,26,78
2025-07-29 7:00,27.3,77
2025-07-29 8:00,35.7,68
2025-07-29 9:00,43.6,65
2025-07-29 10:00,48.6,60
2025-07-29 11:00,41.9,59
2025-07-29 12:00,43.1,56
2025-07-29 13:00,57.9,53
2025-07-29 14:00,55.2,50
2025-07-29 15:00,45.3,50
2025-07-29 16:00,40.4,52
2025-07-29 17:00,41.9,53
2025-07-29 18:00,38.7,56
2025-07-29 19:00,34.1,61
2025-07-29 20:00,31.3,63
2025-07-29 21:00,30,64
2025-07-29 22:00,29,59
2025-07-29 23:00,28.5,63
2025-07-30 0:00,28,67
2025-07-30 1:00,27.5,68
2025-07-30 2:00,27.1,69
2025-07-30 3:00,27.2,72
2025-07-30 4:00,26.2,74
2025-07-30 5:00,26.2,77
2025-07-30 6:00,26.5,79
2025-07-30 7:00,29,74
2025-07-30 8:00,35.5,73
2025-07-30 9:00,42.9,65
2025-07-30 10:00,45.9,62
2025-07-30 11:00,44.2,59
2025-07-30 12:00,49.3,54
2025-07-30 13:00,49.2,54
2025-07-30 14:00,48.9,51
2025-07-30 15:00,47.3,49
2025-07-30 16:00,42.9,46
2025-07-30 17:00,40.4,41
2025-07-30 18:00,36.7,59
2025-07-30 19:00,33.4,59
2025-07-30 20:00,30.7,65
2025-07-30 21:00,30.1,65
2025-07-30 22:00,29.6,68
2025-07-30 23:00,28.4,59
2025-07-31 0:00,28,60
2025-07-31 1:00,27.8,60
2025-07-31 2:00,27.6,62
2025-07-31 3:00,27.4,63
2025-07-31 4:00,27.3,64
2025-07-31 5:00,27.1,66
2025-07-31 6:00,27,67
2025-07-31 7:00,28.7,68
2025-07-31 8:00,30.5,67
2025-07-31 9:00,33.3,67
2025-07-31 10:00,40.3,64
2025-07-31 11:00,41.4,59
2025-07-31 12:00,39.8,57
2025-07-31 13:00,42.9,54
2025-07-31 14:00,45.3,53
2025-07-31 15:00,40.2,50
2025-07-31 16:00,37,61
2025-07-31 17:00,36.5,51
2025-07-31 18:00,35.6,63
2025-07-31 19:00,31.8,65
2025-07-31 20:00,29.8,65
2025-07-31 21:00,28.6,66
2025-07-31 22:00,27.9,68
2025-07-31 23:00,27.6,66
2025-08-01 0:00,27.1,65
2025-08-01 1:00,26.7,70
2025-08-01 2:00,26.6,71
2025-08-01 3:00,26.7,71
2025-08-01 4:00,26.5,72
2025-08-01 5:00,26.3,74
2025-08-01 6:00,26,77
2025-08-01 7:00,27.8,77
2025-08-01 8:00,33.5,68
2025-08-01 9:00,40.2,66
2025-08-01 10:00,48.9,60
2025-08-01 11:00,55,56
2025-08-01 12:00,50.6,52
2025-08-01 13:00,44.2,54
2025-08-01 14:00,44.4,51
2025-08-01 15:00,38.6,55
2025-08-01 16:00,38.5,59
2025-08-01 17:00,38,63
2025-08-01 18:00,35.1,66
2025-08-01 19:00,32,68
2025-08-01 20:00,29.8,72
2025-08-01 21:00,29,74
2025-08-01 22:00,28.4,75
2025-08-01 23:00,27.7,75
2025-08-02 0:00,27.6,74
2025-08-02 1:00,27.3,75
2025-08-02 2:00,26.7,73
2025-08-02 3:00,26,76
2025-08-02 4:00,25.8,74
2025-08-02 5:00,25.6,76
2025-08-02 6:00,25.8,77
2025-08-02 7:00,28.7,76
2025-08-02 8:00,33.3,76
2025-08-02 9:00,38.3,71
2025-08-02 10:00,38.6,67
2025-08-02 11:00,43.3,62
2025-08-02 12:00,54.5,57
2025-08-02 13:00,49.7,60
2025-08-02 14:00,52.8,54
2025-08-02 15:00,53.3,49
2025-08-02 16:00,52.2,47
2025-08-02 17:00,42.4,48
2025-08-02 18:00,36.8,47
2025-08-02 19:00,33,53
2025-08-02 20:00,30.1,56
2025-08-02 21:00,28.7,58
2025-08-02 22:00,27.7,61
2025-08-02 23:00,27.3,62
2025-08-03 0:00,26.8,62
2025-08-03 1:00,26.3,63
2025-08-03 2:00,26.6,67
2025-08-03 3:00,25.9,67
2025-08-03 4:00,25.7,68
2025-08-03 5:00,25.6,71
2025-08-03 6:00,25.9,75
2025-08-03 7:00,26.7,76
2025-08-03 8:00,29.2,76
2025-08-03 9:00,31.6,74
2025-08-03 10:00,34.4,70
2025-08-03 11:00,37.3,61
2025-08-03 12:00,36.3,64
2025-08-03 13:00,38.2,58
2025-08-03 14:00,37.9,58
2025-08-03 15:00,36.4,59
2025-08-03 16:00,32.9,62
2025-08-03 17:00,31.5,59
2025-08-03 18:00,29.5,52
2025-08-03 19:00,27.5,63
2025-08-03 20:00,26.6,69
2025-08-03 21:00,26.1,72
2025-08-03 22:00,25.3,68
2025-08-03 23:00,23.7,80
2025-08-04 0:00,23.4,89
2025-08-04 1:00,23.6,92
2025-08-04 2:00,23.6,92
2025-08-04 3:00,23.7,90
2025-08-04 4:00,23.7,90
2025-08-04 5:00,23.7,94
2025-08-04 6:00,23.7,93
2025-08-04 7:00,24.1,92
2025-08-04 8:00,25.5,91
2025-08-04 9:00,29.1,86
2025-08-04 10:00,34.2,81
2025-08-04 11:00,32.7,74
2025-08-04 12:00,33.5,72
2025-08-04 13:00,36,67
2025-08-04 14:00,35.2,67
2025-08-04 15:00,38.5,61
2025-08-04 16:00,38.7,55
2025-08-04 17:00,35.5,55
2025-08-04 18:00,32.3,62
2025-08-04 19:00,29.8,65
2025-08-04 20:00,28,66
2025-08-04 21:00,26.9,67
2025-08-04 22:00,26.3,70
2025-08-04 23:00,25.8,71
2025-08-05 0:00,25.5,73
2025-08-05 1:00,24.9,74
2025-08-05 2:00,24.6,77
2025-08-05 3:00,24.3,76
2025-08-05 4:00,23.9,78
2025-08-05 5:00,23.7,83
2025-08-05 6:00,23.5,83
2025-08-05 7:00,24.2,82
2025-08-05 8:00,28.5,80
2025-08-05 9:00,35.7,72
2025-08-05 10:00,42.1,67
2025-08-05 11:00,46.6,61
2025-08-05 12:00,48.8,56
2025-08-05 13:00,50,53
2025-08-05 14:00,47.2,54
2025-08-05 15:00,49.5,47
2025-08-05 16:00,44.2,50
2025-08-05 17:00,36.9,57
2025-08-05 18:00,33.8,60
2025-08-05 19:00,31.1,66
2025-08-05 20:00,28.9,70
2025-08-05 21:00,27.9,71
2025-08-05 22:00,27.3,73
2025-08-05 23:00,27,73
2025-08-06 0:00,26.8,74
2025-08-06 1:00,26.2,75
2025-08-06 2:00,26.6,78
2025-08-06 3:00,26.1,85
2025-08-06 4:00,25.9,92
2025-08-06 5:00,25.9,94
2025-08-06 6:00,26,91
2025-08-06 7:00,26.3,90
2025-08-06 8:00,26.8,89
2025-08-06 9:00,28,91
2025-08-06 10:00,30.6,86
2025-08-06 11:00,30.1,80
2025-08-06 12:00,28.7,82
2025-08-06 13:00,29.2,84
2025-08-06 14:00,27.3,91
2025-08-06 15:00,26.7,94
2025-08-06 16:00,26.6,94
2025-08-06 17:00,26.5,92
2025-08-06 18:00,27.1,89
2025-08-06 19:00,26.3,86
2025-08-06 20:00,25.2,87
2025-08-06 21:00,24.9,90
2025-08-06 22:00,25,89
2025-08-06 23:00,25.3,89
2025-08-07 0:00,25.4,90
2025-08-07 1:00,25.4,90
2025-08-07 2:00,24.9,90
2025-08-07 3:00,24.9,90
2025-08-07 4:00,24.8,89
2025-08-07 5:00,24.7,89
2025-08-07 6:00,24.8,88
2025-08-07 7:00,25.4,88
2025-08-07 8:00,28,86
2025-08-07 9:00,32,79
2025-08-07 10:00,35.6,71
2025-08-07 11:00,37.6,62
2025-08-07 12:00,37.5,57
2025-08-07 13:00,40.2,55
2025-08-07 14:00,38.7,54
2025-08-07 15:00,37.5,52
2025-08-07 16:00,35.8,52
2025-08-07 17:00,32.3,52
2025-08-07 18:00,30.2,54
2025-08-07 19:00,28.8,66
2025-08-07 20:00,26.7,69
2025-08-07 21:00,25.8,70
2025-08-07 22:00,25.3,72
2025-08-07 23:00,24.9,72
2025-08-08 0:00,24.7,76
2025-08-08 1:00,24.4,80
2025-08-08 2:00,24.4,80
2025-08-08 3:00,23.9,80
2025-08-08 4:00,23.6,83
2025-08-08 5:00,23.2,84
2025-08-08 6:00,23,85
2025-08-08 7:00,24,85
2025-08-08 8:00,26.4,83
2025-08-08 9:00,27.2,79
2025-08-08 10:00,27.6,75
2025-08-08 11:00,28,71
2025-08-08 12:00,30.3,67
2025-08-08 13:00,30.8,66
2025-08-08 14:00,32,63
2025-08-08 15:00,28.5,69
2025-08-08 16:00,27,80
2025-08-08 17:00,28,81
2025-08-08 18:00,27.1,67
2025-08-08 19:00,26.1,65
2025-08-08 20:00,24.8,66
2025-08-08 21:00,24.2,71
2025-08-08 22:00,23.8,71
2025-08-08 23:00,23.7,75
2025-08-09 0:00,23.6,80
2025-08-09 1:00,23.8,82
2025-08-09 2:00,24,83
2025-08-09 3:00,24.1,85
2025-08-09 4:00,24.1,85
2025-08-09 5:00,24.3,85
2025-08-09 6:00,24.2,89
2025-08-09 7:00,24.5,85
2025-08-09 8:00,24.8,88
2025-08-09 9:00,25.4,88
2025-08-09 10:00,26,86
2025-08-09 11:00,26,84
2025-08-09 12:00,25.7,86
2025-08-09 13:00,26.1,74
2025-08-09 14:00,26.2,84
2025-08-09 15:00,26.6,79
2025-08-09 16:00,26.7,79
2025-08-09 17:00,26.6,78
2025-08-09 18:00,26.9,72
2025-08-09 19:00,25.7,73
2025-08-09 20:00,24.4,76
2025-08-09 21:00,23.7,76
2025-08-09 22:00,23.3,79
2025-08-09 23:00,22.9,81
2025-08-10 0:00,22.7,82
2025-08-10 1:00,22.4,84
2025-08-10 2:00,22,85
2025-08-10 3:00,21.8,86
2025-08-10 4:00,21.6,84
2025-08-10 5:00,21.3,83
2025-08-10 6:00,21.3,85
2025-08-10 7:00,21.7,86
2025-08-10 8:00,26,81
2025-08-10 9:00,28.7,74
2025-08-10 10:00,31.6,68
2025-08-10 11:00,34.2,64
2025-08-10 12:00,35.8,63
2025-08-10 13:00,35.8,60
2025-08-10 14:00,36.8,53
2025-08-10 15:00,37.1,53
2025-08-10 16:00,35.2,50
2025-08-10 17:00,31.6,50
2025-08-10 18:00,29.8,51
2025-08-10 19:00,28.2,54
2025-08-10 20:00,26.8,60
2025-08-10 21:00,26.2,70
2025-08-10 22:00,25.8,73
2025-08-10 23:00,25.4,77
2025-08-11 0:00,25,78
2025-08-11 1:00,24.7,79
2025-08-11 2:00,24.5,80
2025-08-11 3:00,24.4,79
2025-08-11 4:00,24.3,80
2025-08-11 5:00,24.3,81
2025-08-11 6:00,24.2,83
2025-08-11 7:00,24.6,83
2025-08-11 8:00,24.9,82
2025-08-11 9:00,26,79
2025-08-11 10:00,26.9,76
2025-08-11 11:00,28.3,71
2025-08-11 12:00,28.8,69
2025-08-11 13:00,30,69
2025-08-11 14:00,30.5,69
2025-08-11 15:00,29.6,66
2025-08-11 16:00,29.3,67
2025-08-11 17:00,29.2,66
2025-08-11 18:00,27.8,68
2025-08-11 19:00,26.4,73
2025-08-11 20:00,25.9,74
2025-08-11 21:00,25.3,73
2025-08-11 22:00,25,75
2025-08-11 23:00,24.8,73
2025-08-12 0:00,24.5,74
2025-08-12 1:00,24,78
2025-08-12 2:00,23.8,82
2025-08-12 3:00,23.9,83
2025-08-12 4:00,23.5,82
2025-08-12 5:00,22.9,85
2025-08-12 6:00,22.7,86
2025-08-12 7:00,23.3,87
2025-08-12 8:00,26.5,79
2025-08-12 9:00,29.9,71
2025-08-12 10:00,32.7,66
2025-08-12 11:00,34.3,57
2025-08-12 12:00,35.9,50
2025-08-12 13:00,37.5,51
2025-08-12 14:00,38,48
2025-08-12 15:00,37.4,37
2025-08-12 16:00,36.4,40
2025-08-12 17:00,33.1,42
2025-08-12 18:00,31.1,43
2025-08-12 19:00,29.5,51
2025-08-12 20:00,28.1,57
2025-08-12 21:00,27.1,62
2025-08-12 22:00,26.5,67
2025-08-12 23:00,26.1,69
2025-08-13 0:00,25.8,71
2025-08-13 1:00,26,72
2025-08-13 2:00,25.9,73
2025-08-13 3:00,25.8,74
2025-08-13 4:00,25.7,75
2025-08-13 5:00,25.2,81
2025-08-13 6:00,23.4,94
2025-08-13 7:00,23.3,95
2025-08-13 8:00,23.5,95
2025-08-13 9:00,23,96
2025-08-13 10:00,22.6,96
2025-08-13 11:00,21.9,96
2025-08-13 12:00,22.1,99
2025-08-13 13:00,23.3,98
2025-08-13 14:00,25.1,92
2025-08-13 15:00,25.2,94
2025-08-13 16:00,25.1,92
2025-08-13 17:00,25.6,91
2025-08-13 18:00,25.1,94
2025-08-13 19:00,24.8,94
2025-08-13 20:00,23.9,90
2025-08-13 21:00,23.6,90
2025-08-13 22:00,23.7,92
2025-08-13 23:00,23.7,92
2025-08-14 0:00,23.9,93
2025-08-14 1:00,23.9,94
2025-08-14 2:00,23.8,97
2025-08-14 3:00,23.7,97
2025-08-14 4:00,23.5,95
2025-08-14 5:00,23.5,97
2025-08-14 6:00,23.6,97
2025-08-14 7:00,23.6,98
2025-08-14 8:00,23.4,98
2025-08-14 9:00,24.6,95
2025-08-14 10:00,25.1,95
2025-08-14 11:00,24.9,95
2025-08-14 12:00,26.2,94
2025-08-14 13:00,27.8,91
2025-08-14 14:00,28,88
2025-08-14 15:00,26.9,90
2025-08-14 16:00,27.5,88
2025-08-14 17:00,27.7,85
2025-08-14 18:00,26.7,82
2025-08-14 19:00,25.9,83
2025-08-14 20:00,24.7,84
2025-08-14 21:00,24.7,86
2025-08-14 22:00,24.5,88
2025-08-14 23:00,24.5,87
2025-08-15 0:00,24.5,88
2025-08-15 1:00,24.5,88
2025-08-15 2:00,23.9,90
2025-08-15 3:00,23.8,90
2025-08-15 4:00,23.7,91
2025-08-15 5:00,23.4,92
2025-08-15 6:00,23.6,93
2025-08-15 7:00,24.2,93
2025-08-15 8:00,25.2,93
2025-08-15 9:00,28.4,85
2025-08-15 10:00,31.4,80
2025-08-15 11:00,28.5,76
2025-08-15 12:00,27,87
2025-08-15 13:00,28.8,84
2025-08-15 14:00,29.9,83
2025-08-15 15:00,34,74
2025-08-15 16:00,33.8,71
2025-08-15 17:00,30.7,71
2025-08-15 18:00,28.9,73
2025-08-15 19:00,27.9,76
2025-08-15 20:00,26.6,80
2025-08-15 21:00,25.9,84
2025-08-15 22:00,25.4,85
2025-08-15 23:00,25.1,88
2025-08-16 0:00,24.9,88
2025-08-16 1:00,24.7,90
2025-08-16 2:00,24.6,90
2025-08-16 3:00,24.4,90
2025-08-16 4:00,24.6,91
2025-08-16 5:00,24.6,91
2025-08-16 6:00,24.8,91
2025-08-16 7:00,25.4,91
2025-08-16 8:00,26.5,89
2025-08-16 9:00,27.9,84
2025-08-16 10:00,29.7,79
2025-08-16 11:00,32.9,71
2025-08-16 12:00,34,65
2025-08-16 13:00,30.3,65
2025-08-16 14:00,35.1,63
2025-08-16 15:00,33.6,59
2025-08-16 16:00,32.4,63
2025-08-16 17:00,30.2,63
2025-08-16 18:00,29.1,64
2025-08-16 19:00,27.4,64
2025-08-16 20:00,26.3,70
2025-08-16 21:00,25.7,73
2025-08-16 22:00,25.3,79
2025-08-16 23:00,25.1,80
2025-08-17 0:00,24.9,82
2025-08-17 1:00,25,83
2025-08-17 2:00,24.9,85
2025-08-17 3:00,25,86
2025-08-17 4:00,25,87
2025-08-17 5:00,25.1,87
2025-08-17 6:00,25.1,88
2025-08-17 7:00,25.5,88
2025-08-17 8:00,26.1,87
2025-08-17 9:00,27.7,84
2025-08-17 10:00,29.4,78
2025-08-17 11:00,30.6,72
2025-08-17 12:00,34,67
2025-08-17 13:00,33.8,64
2025-08-17 14:00,34.4,58
2025-08-17 15:00,31.6,60
2025-08-17 16:00,31.8,63
2025-08-17 17:00,30.6,63
2025-08-17 18:00,29.1,68
2025-08-17 19:00,28,70
2025-08-17 20:00,26.9,72
2025-08-17 21:00,26.5,77
2025-08-17 22:00,26.4,78
2025-08-17 23:00,26.2,78
2025-08-18 0:00,26.1,80
2025-08-18 1:00,26,79
2025-08-18 2:00,26.1,82
2025-08-18 3:00,25.9,83
2025-08-18 4:00,26,85
2025-08-18 5:00,25.8,86
2025-08-18 6:00,25.7,86
2025-08-18 7:00,26.1,84
2025-08-18 8:00,26.7,83
2025-08-18 9:00,27.6,81
2025-08-18 10:00,30.4,76
2025-08-18 11:00,32.6,71
2025-08-18 12:00,33.2,65
2025-08-18 13:00,35.8,63
2025-08-18 14:00,36.7,58
2025-08-18 15:00,35.9,56
2025-08-18 16:00,32.8,58
2025-08-18 17:00,30.9,56
2025-08-18 18:00,28.8,62
2025-08-18 19:00,27.8,71
2025-08-18 20:00,27,79
2025-08-18 21:00,26.7,86
2025-08-18 22:00,26.6,88
2025-08-18 23:00,26.6,90
2025-08-19 0:00,26.6,86
2025-08-19 1:00,26.3,87
2025-08-19 2:00,26.2,86
2025-08-19 3:00,26,87
2025-08-19 4:00,26,88
2025-08-19 5:00,26,87
2025-08-19 6:00,25.9,89
2025-08-19 7:00,26.2,89
2025-08-19 8:00,27.3,87
2025-08-19 9:00,29.3,81
2025-08-19 10:00,31.3,73
2025-08-19 11:00,32.5,71
2025-08-19 12:00,33.7,68
2025-08-19 13:00,33.8,65
2025-08-19 14:00,33.2,63
2025-08-19 15:00,34,59
2025-08-19 16:00,32.5,67
2025-08-19 17:00,31.2,63
2025-08-19 18:00,29.4,65
2025-08-19 19:00,28,67
2025-08-19 20:00,27,71
2025-08-19 21:00,26.6,74
2025-08-19 22:00,26.5,76
2025-08-19 23:00,26.5,80
2025-08-20 0:00,26.3,79
2025-08-20 1:00,26.3,83
2025-08-20 2:00,26.2,84
2025-08-20 3:00,26.3,84
2025-08-20 4:00,26.2,85
2025-08-20 5:00,26.1,85
2025-08-20 6:00,25.8,85
2025-08-20 7:00,26.2,85
2025-08-20 8:00,27.4,82
2025-08-20 9:00,29.3,78
2025-08-20 10:00,31.6,74
2025-08-20 11:00,34.7,69
2025-08-20 12:00,37.6,67
2025-08-20 13:00,36,63
2025-08-20 14:00,37.4,59
2025-08-20 15:00,35.9,59
2025-08-20 16:00,33.7,59
2025-08-20 17:00,31.9,61
2025-08-20 18:00,30,67
2025-08-20 19:00,28.5,71
2025-08-20 20:00,27.8,73
2025-08-20 21:00,27.3,77
2025-08-20 22:00,26.9,78
2025-08-20 23:00,26.9,79
2025-08-21 0:00,26.9,79
2025-08-21 1:00,26.5,80
2025-08-21 2:00,26.6,81
2025-08-21 3:00,26.3,83
2025-08-21 4:00,26.1,85
2025-08-21 5:00,25.9,84
2025-08-21 6:00,26.1,86
2025-08-21 7:00,26.6,85
2025-08-21 8:00,27.8,83
2025-08-21 9:00,30.3,77
2025-08-21 10:00,32.7,73
2025-08-21 11:00,36.9,70
2025-08-21 12:00,38.5,63
2025-08-21 13:00,42.3,59
2025-08-21 14:00,43.1,54
2025-08-21 15:00,38.9,56
2025-08-21 16:00,39.2,52
2025-08-21 17:00,35.6,60
2025-08-21 18:00,32.6,62
2025-08-21 19:00,30.4,66
2025-08-21 20:00,28.8,67
2025-08-21 21:00,27.9,65
2025-08-21 22:00,27.3,69
2025-08-21 23:00,26.9,72
2025-08-22 0:00,26.5,73
2025-08-22 1:00,26.2,75
2025-08-22 2:00,25.8,76
2025-08-22 3:00,25.5,79
2025-08-22 4:00,25.4,82
2025-08-22 5:00,25.2,81
2025-08-22 6:00,25.1,87
2025-08-22 7:00,25.9,87
2025-08-22 8:00,28.4,80
2025-08-22 9:00,29.8,79
2025-08-22 10:00,32.4,69
2025-08-22 11:00,39.3,63
2025-08-22 12:00,41.9,59
2025-08-22 13:00,39.3,55
2025-08-22 14:00,41.3,56
2025-08-22 15:00,42.6,52
2025-08-22 16:00,40.2,49
2025-08-22 17:00,36,53
2025-08-22 18:00,33.3,61
2025-08-22 19:00,30.6,67
2025-08-22 20:00,29.1,73
2025-08-22 21:00,28.3,76
2025-08-22 22:00,27.8,76
2025-08-22 23:00,27.6,79
2025-08-23 0:00,27.5,79
2025-08-23 1:00,27.3,80
2025-08-23 2:00,27.4,82
2025-08-23 3:00,26.9,82
2025-08-23 4:00,26.7,82
2025-08-23 5:00,26.7,83
2025-08-23 6:00,26.7,84
2025-08-23 7:00,27.1,84
2025-08-23 8:00,28.4,83
2025-08-23 9:00,31.8,79
2025-08-23 10:00,35.4,74
2025-08-23 11:00,37.4,71
2025-08-23 12:00,35.3,68
2025-08-23 13:00,32.9,71
2025-08-23 14:00,31.8,72
2025-08-23 15:00,33.2,72
2025-08-23 16:00,35.7,70
2025-08-23 17:00,33.9,67
2025-08-23 18:00,32.2,67
2025-08-23 19:00,30.2,70
2025-08-23 20:00,28.8,72
2025-08-23 21:00,27.9,70
2025-08-23 22:00,27.5,75
2025-08-23 23:00,27.2,76
2025-08-24 0:00,26.8,77
2025-08-24 1:00,26.5,79
2025-08-24 2:00,26.5,79
2025-08-24 3:00,26.2,81
2025-08-24 4:00,26.2,81
2025-08-24 5:00,25.8,83
2025-08-24 6:00,26.1,84
2025-08-24 7:00,26.5,85
2025-08-24 8:00,28.3,84
2025-08-24 9:00,29.7,81
2025-08-24 10:00,31.2,77
2025-08-24 11:00,35.6,67
2025-08-24 12:00,42.7,61
2025-08-24 13:00,39.8,61
2025-08-24 14:00,40.5,54
2025-08-24 15:00,42.6,50
2025-08-24 16:00,38.3,49
2025-08-24 17:00,35.1,49
2025-08-24 18:00,33.4,57
2025-08-24 19:00,30.9,62
2025-08-24 20:00,29.3,66
2025-08-24 21:00,28.6,68
2025-08-24 22:00,27.9,68
2025-08-24 23:00,27.5,71
2025-08-25 0:00,27.1,73
2025-08-25 1:00,26.8,74
2025-08-25 2:00,26.8,76
2025-08-25 3:00,26.5,78
2025-08-25 4:00,26.2,79
2025-08-25 5:00,26.1,82
2025-08-25 6:00,26,83
2025-08-25 7:00,27.3,81
2025-08-25 8:00,29.2,77
2025-08-25 9:00,27.4,84
2025-08-25 10:00,26.9,93
2025-08-25 11:00,28.8,92
2025-08-25 12:00,29.9,88
2025-08-25 13:00,32.7,74
2025-08-25 14:00,36.9,67
2025-08-25 15:00,32.2,69
2025-08-25 16:00,31.3,67
2025-08-25 17:00,30.6,64
2025-08-25 18:00,28.7,76
2025-08-25 19:00,27.9,76
2025-08-25 20:00,27.3,81
2025-08-25 21:00,27.1,80
2025-08-25 22:00,27,81
2025-08-25 23:00,26.7,83
2025-08-26 0:00,26.7,87
2025-08-26 1:00,26.6,88
2025-08-26 2:00,26.4,88
2025-08-26 3:00,26.3,90
2025-08-26 4:00,26.1,90
2025-08-26 5:00,25.6,93
2025-08-26 6:00,25.6,95
2025-08-26 7:00,25.6,96
2025-08-26 8:00,25.8,94
2025-08-26 9:00,26.3,94
2025-08-26 10:00,27.2,91
2025-08-26 11:00,29.3,87
2025-08-26 12:00,30.5,80
2025-08-26 13:00,33.6,66
2025-08-26 14:00,34.9,62
2025-08-26 15:00,35.4,62
2025-08-26 16:00,33,61
2025-08-26 17:00,31,64
2025-08-26 18:00,28.9,70
2025-08-26 19:00,27.5,74
2025-08-26 20:00,26.7,76
2025-08-26 21:00,25.9,78
2025-08-26 22:00,26.1,77
2025-08-26 23:00,25.6,82
2025-08-27 0:00,25,85
2025-08-27 1:00,24.4,85
2025-08-27 2:00,24,86
2025-08-27 3:00,24.1,88
2025-08-27 4:00,24.2,88
2025-08-27 5:00,23.8,89
2025-08-27 6:00,23.5,88
2025-08-27 7:00,23.5,89
2025-08-27 8:00,25.8,87
2025-08-27 9:00,26.3,83
2025-08-27 10:00,26.2,80
2025-08-27 11:00,27.2,74
2025-08-27 12:00,28.1,68
2025-08-27 13:00,29.1,62
2025-08-27 14:00,31.1,58
2025-08-27 15:00,30,56
2025-08-27 16:00,30.4,51
2025-08-27 17:00,28.8,61
2025-08-27 18:00,27.3,62
2025-08-27 19:00,26.2,65
2025-08-27 20:00,25.5,68
2025-08-27 21:00,24.9,69
2025-08-27 22:00,24.6,73
2025-08-27 23:00,24.5,76
2025-08-28 0:00,24.6,76
2025-08-28 1:00,24.5,76
2025-08-28 2:00,24.3,78
2025-08-28 3:00,24,77
2025-08-28 4:00,24,77
2025-08-28 5:00,23.9,78
2025-08-28 6:00,23.6,79
2025-08-28 7:00,24.3,80
2025-08-28 8:00,25.7,78
2025-08-28 9:00,28.2,76
2025-08-28 10:00,30.4,70
2025-08-28 11:00,32.2,66
2025-08-28 12:00,32.3,63
2025-08-28 13:00,31,62
2025-08-28 14:00,31.6,58
2025-08-28 15:00,31.4,64
2025-08-28 16:00,30.3,66
2025-08-28 17:00,30,67
2025-08-28 18:00,29,67
2025-08-28 19:00,27.4,69
2025-08-28 20:00,26.7,72
2025-08-28 21:00,26.2,75
2025-08-28 22:00,26.2,79
2025-08-28 23:00,26.1,80
2025-08-29 0:00,26.2,82
2025-08-29 1:00,26.2,82
2025-08-29 2:00,26.1,83
2025-08-29 3:00,26.1,84
2025-08-29 4:00,25.9,86
2025-08-29 5:00,25.9,84
2025-08-29 6:00,26,88
2025-08-29 7:00,26.3,88
2025-08-29 8:00,27.1,87
2025-08-29 9:00,28.8,83
2025-08-29 10:00,31.6,77
2025-08-29 11:00,33.9,73
2025-08-29 12:00,35.2,67
2025-08-29 13:00,36.5,63
2025-08-29 14:00,37,63
2025-08-29 15:00,34.7,65
2025-08-29 16:00,30.4,69
2025-08-29 17:00,28.3,86
2025-08-29 18:00,28.1,85
2025-08-29 19:00,28.1,85
2025-08-29 20:00,27.5,85
2025-08-29 21:00,27.1,90
2025-08-29 22:00,26.6,91
2025-08-29 23:00,26.8,92
2025-08-30 0:00,26.4,94
2025-08-30 1:00,26.6,93
2025-08-30 2:00,26.6,93
2025-08-30 3:00,26.3,95
2025-08-30 4:00,26.4,96
2025-08-30 5:00,26.5,94
2025-08-30 6:00,25.7,94
2025-08-30 7:00,26.1,94
2025-08-30 8:00,26.1,92
2025-08-30 9:00,26.1,92
2025-08-30 10:00,29.1,91
2025-08-30 11:00,30.1,85
2025-08-30 12:00,33.7,79
2025-08-30 13:00,33.8,67
2025-08-30 14:00,32.8,63
2025-08-30 15:00,31.8,68
2025-08-30 16:00,31.7,67
2025-08-30 17:00,30.1,66
2025-08-30 18:00,29.1,63
2025-08-30 19:00,27.9,67
2025-08-30 20:00,27,73
2025-08-30 21:00,26.2,75
2025-08-30 22:00,26.1,77
2025-08-30 23:00,26.1,80
2025-08-31 0:00,25.6,83
2025-08-31 1:00,24.9,82
2025-08-31 2:00,25.3,84
2025-08-31 3:00,24.5,86
2025-08-31 4:00,24.7,87
2025-08-31 5:00,24.7,88
2025-08-31 6:00,24.4,89
2025-08-31 7:00,24.9,89
2025-08-31 8:00,26.7,86
2025-08-31 9:00,28.6,82
2025-08-31 10:00,31.9,75
2025-08-31 11:00,31.5,68
2025-08-31 12:00,31.8,68
2025-08-31 13:00,31.2,70
2025-08-31 14:00,31.5,71
2025-08-31 15:00,32.5,61
2025-08-31 16:00,31.2,65
2025-08-31 17:00,30.4,67
2025-08-31 18:00,28.8,65
2025-08-31 19:00,27.5,69
2025-08-31 20:00,26.9,72
2025-08-31 21:00,26.7,75
2025-08-31 22:00,26.1,76
2025-08-31 23:00,26.1,76
2025-09-01 0:00,25.8,76
2025-09-01 1:00,25.9,77
2025-09-01 2:00,25.7,78
2025-09-01 3:00,25.7,79
2025-09-01 4:00,25.6,80
2025-09-01 5:00,25,92
2025-09-01 6:00,25.2,93
2025-09-01 7:00,25.3,91
2025-09-01 8:00,25.9,90
2025-09-01 9:00,26.3,90
2025-09-01 10:00,27.1,89
2025-09-01 11:00,27.6,85
2025-09-01 12:00,27.7,83
2025-09-01 13:00,28.9,78
2025-09-01 14:00,27.6,87
2025-09-01 15:00,28.2,83
2025-09-01 16:00,29.2,82
2025-09-01 17:00,28.7,82
2025-09-01 18:00,26.4,90
2025-09-01 19:00,26.5,88
2025-09-01 20:00,26.1,87
2025-09-01 21:00,25.7,88
2025-09-01 22:00,25.1,87
2025-09-01 23:00,25.2,90
2025-09-02 0:00,24.4,92
2025-09-02 1:00,24,91
2025-09-02 2:00,23.7,92
2025-09-02 3:00,23.1,91
2025-09-02 4:00,23.3,92
2025-09-02 5:00,22.7,92
2025-09-02 6:00,22.6,91
2025-09-02 7:00,22.9,92
2025-09-02 8:00,24.4,89
2025-09-02 9:00,26,85
2025-09-02 10:00,26.9,81
2025-09-02 11:00,29.2,74
2025-09-02 12:00,30.7,69
2025-09-02 13:00,31.7,66
2025-09-02 14:00,31.7,63
2025-09-02 15:00,30.4,59
2025-09-02 16:00,30.6,58
2025-09-02 17:00,29.2,54
2025-09-02 18:00,28,57
2025-09-02 19:00,26.2,60
2025-09-02 20:00,25.5,64
2025-09-02 21:00,24.6,68
2025-09-02 22:00,24.1,72
2025-09-02 23:00,23.9,75
2025-09-03 0:00,23.8,77
2025-09-03 1:00,23.5,81
2025-09-03 2:00,23.1,82
2025-09-03 3:00,23.3,84
2025-09-03 4:00,23.3,86
2025-09-03 5:00,22.8,87
2025-09-03 6:00,22.6,89
2025-09-03 7:00,22.9,90
2025-09-03 8:00,24.2,86
2025-09-03 9:00,26,79
2025-09-03 10:00,28.4,69
2025-09-03 11:00,29.7,66
2025-09-03 12:00,31.5,58
2025-09-03 13:00,32.2,53
2025-09-03 14:00,32,50
2025-09-03 15:00,31.5,42
2025-09-03 16:00,29.3,47
2025-09-03 17:00,29.4,53
2025-09-03 18:00,28.7,55
2025-09-03 19:00,27.6,59
2025-09-03 20:00,26.5,62
2025-09-03 21:00,26.4,65
2025-09-03 22:00,26.2,66
2025-09-03 23:00,26.2,66
2025-09-04 0:00,25.6,68
2025-09-04 1:00,25.7,73
2025-09-04 2:00,25.1,86
2025-09-04 3:00,24.2,91
2025-09-04 4:00,23.5,94
2025-09-04 5:00,23.4,93
2025-09-04 6:00,23.4,93
2025-09-04 7:00,23.3,95
2025-09-04 8:00,23.8,95
2025-09-04 9:00,23.9,96
2025-09-04 10:00,24.6,96
2025-09-04 11:00,25.3,92
2025-09-04 12:00,28.5,88
2025-09-04 13:00,30.4,79
2025-09-04 14:00,30.4,74
2025-09-04 15:00,30.4,70
2025-09-04 16:00,30.4,67
2025-09-04 17:00,28.5,68
2025-09-04 18:00,27.8,68
2025-09-04 19:00,26.4,71
2025-09-04 20:00,25.6,74
2025-09-04 21:00,25,75
2025-09-04 22:00,24.9,76
2025-09-04 23:00,24.6,76
2025-09-05 0:00,24.2,76
2025-09-05 1:00,23.8,74
2025-09-05 2:00,23.7,74
2025-09-05 3:00,23.6,74
2025-09-05 4:00,23.4,73
2025-09-05 5:00,23.3,73
2025-09-05 6:00,23.3,80
2025-09-05 7:00,23.5,79
2025-09-05 8:00,24.3,73
2025-09-05 9:00,28.1,69
2025-09-05 10:00,33.3,64
2025-09-05 11:00,35.4,62
2025-09-05 12:00,37.7,59
2025-09-05 13:00,34.4,58
2025-09-05 14:00,37.5,54
2025-09-05 15:00,35.3,55
2025-09-05 16:00,31.2,54
2025-09-05 17:00,30.4,58
2025-09-05 18:00,27.9,65
2025-09-05 19:00,26.9,69
2025-09-05 20:00,26.2,71
2025-09-05 21:00,25.4,71
2025-09-05 22:00,25.1,73
2025-09-05 23:00,24.7,73
2025-09-06 0:00,24.8,75
2025-09-06 1:00,24.6,80
2025-09-06 2:00,25,79
2025-09-06 3:00,25.6,80
2025-09-06 4:00,25,85
2025-09-06 5:00,25.1,86
2025-09-06 6:00,24.6,86
2025-09-06 7:00,24.7,88
2025-09-06 8:00,25.3,90
2025-09-06 9:00,25.5,91
2025-09-06 10:00,28,91
2025-09-06 11:00,26.9,93
2025-09-06 12:00,34.2,89
2025-09-06 13:00,31.6,84
2025-09-06 14:00,31.2,77
2025-09-06 15:00,30.4,72
2025-09-06 16:00,27.8,75
2025-09-06 17:00,25.8,87
2025-09-06 18:00,26,88
2025-09-06 19:00,25.1,90
2025-09-06 20:00,25.3,91
2025-09-06 21:00,25.2,92
2025-09-06 22:00,25.1,91
2025-09-06 23:00,25.2,92
2025-09-07 0:00,25.2,95
2025-09-07 1:00,24.9,93
2025-09-07 2:00,25.3,92
2025-09-07 3:00,25,92
2025-09-07 4:00,24.6,90
2025-09-07 5:00,24.2,90
2025-09-07 6:00,24.1,90
2025-09-07 7:00,24,91
2025-09-07 8:00,25.5,89
2025-09-07 9:00,28.1,86
2025-09-07 10:00,29.8,80
2025-09-07 11:00,31.5,73
2025-09-07 12:00,32.3,65
2025-09-07 13:00,33.1,66
2025-09-07 14:00,28.9,68
2025-09-07 15:00,28.5,67
2025-09-07 16:00,27,61
2025-09-07 17:00,26.2,62
2025-09-07 18:00,25,65
2025-09-07 19:00,23.9,69
2025-09-07 20:00,23,72
2025-09-07 21:00,22,74
2025-09-07 22:00,21.7,79
2025-09-07 23:00,21.3,80
2025-09-08 0:00,20.7,81
2025-09-08 1:00,20.7,83
2025-09-08 2:00,20.9,82
2025-09-08 3:00,20.7,86
2025-09-08 4:00,21,86
2025-09-08 5:00,20.7,87
2025-09-08 6:00,19.9,89
2025-09-08 7:00,21.2,90
2025-09-08 8:00,23,89
2025-09-08 9:00,26.9,88
2025-09-08 10:00,29.2,79
2025-09-08 11:00,28.2,74
2025-09-08 12:00,33.3,67
2025-09-08 13:00,34.5,60
2025-09-08 14:00,34.1,52
2025-09-08 15:00,32.5,50
2025-09-08 16:00,28.2,52
2025-09-08 17:00,26.3,57
2025-09-08 18:00,24.6,62
2025-09-08 19:00,24,66
2025-09-08 20:00,23.4,66
2025-09-08 21:00,23.2,71
2025-09-08 22:00,23,74
2025-09-08 23:00,23.2,74
2025-09-09 0:00,22.8,71
2025-09-09 1:00,22.3,71
2025-09-09 2:00,22.6,75
2025-09-09 3:00,22.2,74
2025-09-09 4:00,21.8,74
2025-09-09 5:00,22.1,77
2025-09-09 6:00,21.8,78
2025-09-09 7:00,22.2,79
2025-09-09 8:00,23.4,79
2025-09-09 9:00,24.6,76
2025-09-09 10:00,25.9,74
2025-09-09 11:00,27.6,68
2025-09-09 12:00,26.9,69
2025-09-09 13:00,29.3,68
2025-09-09 14:00,27.7,63
2025-09-09 15:00,26.8,59
2025-09-09 16:00,27.3,64
2025-09-09 17:00,26.4,59
2025-09-09 18:00,24.5,64
2025-09-09 19:00,23,68
2025-09-09 20:00,22.1,72
2025-09-09 21:00,20.8,74
2025-09-09 22:00,20.6,76
2025-09-09 23:00,20.4,79
2025-09-10 0:00,19.8,81
2025-09-10 1:00,19.5,83
2025-09-10 2:00,19,86
2025-09-10 3:00,18.9,86
2025-09-10 4:00,18.6,86
2025-09-10 5:00,17.9,89
2025-09-10 6:00,18,89
2025-09-10 7:00,18.1,91
2025-09-10 8:00,21.7,86
2025-09-10 9:00,27.8,77
2025-09-10 10:00,31.9,66
2025-09-10 11:00,33.2,53
2025-09-10 12:00,34.7,42
2025-09-10 13:00,34.7,35
2025-09-10 14:00,33.4,33
2025-09-10 15:00,31.6,31
2025-09-10 16:00,28.9,31
2025-09-10 17:00,27.1,32
2025-09-10 18:00,25.3,43
2025-09-10 19:00,23.6,48
2025-09-10 20:00,22.1,54
2025-09-10 21:00,21.6,56
2025-09-10 22:00,20.9,59
2025-09-10 23:00,20.3,62
2025-09-11 0:00,20.2,65
2025-09-11 1:00,19.5,71
2025-09-11 2:00,19.5,73
2025-09-11 3:00,19,76
2025-09-11 4:00,18.7,77
2025-09-11 5:00,18.4,78
2025-09-11 6:00,18.4,82
2025-09-11 7:00,19.1,82
2025-09-11 8:00,22.1,73
2025-09-11 9:00,27.1,62
2025-09-11 10:00,30.7,50
2025-09-11 11:00,32.8,43
2025-09-11 12:00,34.1,41
2025-09-11 13:00,34.9,41
2025-09-11 14:00,34.5,41
2025-09-11 15:00,33.1,39
2025-09-11 16:00,30.3,37
2025-09-11 17:00,28.2,38
2025-09-11 18:00,25.6,45
2025-09-11 19:00,23.8,50
2025-09-11 20:00,23.7,53
2025-09-11 21:00,22.4,56
2025-09-11 22:00,22.2,56
2025-09-11 23:00,21.8,58
2025-09-12 0:00,21.7,60
2025-09-12 1:00,21.4,60
2025-09-12 2:00,20.9,59
2025-09-12 3:00,21.3,63
2025-09-12 4:00,20.8,62
2025-09-12 5:00,21.1,63
2025-09-12 6:00,20.5,62
2025-09-12 7:00,21,63
2025-09-12 8:00,21.8,59
2025-09-12 9:00,24.7,59
2025-09-12 10:00,26.9,56
2025-09-12 11:00,29.3,56
2025-09-12 12:00,27.1,56
2025-09-12 13:00,26.8,57
2025-09-12 14:00,27.1,57
2025-09-12 15:00,26.8,59
2025-09-12 16:00,25.6,60
2025-09-12 17:00,24.4,65
2025-09-12 18:00,23.4,68
2025-09-12 19:00,22.6,77
2025-09-12 20:00,21.9,85
2025-09-12 21:00,22.1,89
2025-09-12 22:00,21.9,90
2025-09-12 23:00,21.7,93
2025-09-13 0:00,21.6,94
2025-09-13 1:00,20.6,95
2025-09-13 2:00,20.1,97
2025-09-13 3:00,19.9,98
2025-09-13 4:00,19.7,98
2025-09-13 5:00,20.1,95
2025-09-13 6:00,20.6,96
2025-09-13 7:00,20.4,95
2025-09-13 8:00,21.3,95
2025-09-13 9:00,22.3,94
2025-09-13 10:00,24.7,90
2025-09-13 11:00,26.2,85
2025-09-13 12:00,27.5,80
2025-09-13 13:00,30,68
2025-09-13 14:00,29.8,65
2025-09-13 15:00,28.1,64
2025-09-13 16:00,27.7,61
2025-09-13 17:00,25.8,62
2025-09-13 18:00,24.6,65
2025-09-13 19:00,23.7,68
2025-09-13 20:00,22.7,70
2025-09-13 21:00,22.3,75
2025-09-13 22:00,22,76
2025-09-13 23:00,21.8,77
2025-09-14 0:00,21.2,76
2025-09-14 1:00,20.7,79
2025-09-14 2:00,21,80
2025-09-14 3:00,21.4,82
2025-09-14 4:00,21.5,80
2025-09-14 5:00,21.6,81
2025-09-14 6:00,21.3,82
2025-09-14 7:00,21.6,82
2025-09-14 8:00,22.8,81
2025-09-14 9:00,24.8,78
2025-09-14 10:00,25.6,76
2025-09-14 11:00,28.3,72
2025-09-14 12:00,30.6,63
2025-09-14 13:00,29.1,63
2025-09-14 14:00,29.9,59
2025-09-14 15:00,29.4,56
2025-09-14 16:00,28.6,52
2025-09-14 17:00,27.9,55
2025-09-14 18:00,25.6,60
2025-09-14 19:00,24.5,64
2025-09-14 20:00,23.1,67
2025-09-14 21:00,22.3,73
2025-09-14 22:00,22.1,75
2025-09-14 23:00,21.8,79
2025-09-15 0:00,21.1,82
2025-09-15 1:00,21.3,84
2025-09-15 2:00,20.8,86
2025-09-15 3:00,20.9,86
2025-09-15 4:00,20.3,86
2025-09-15 5:00,19.9,88
2025-09-15 6:00,19.5,88
2025-09-15 7:00,20.4,90
2025-09-15 8:00,22.4,88
2025-09-15 9:00,26.4,80
2025-09-15 10:00,28.8,74
2025-09-15 11:00,30.8,66
2025-09-15 12:00,30.9,60
2025-09-15 13:00,30,58
2025-09-15 14:00,30.9,56
2025-09-15 15:00,30.5,54
2025-09-15 16:00,28.8,54
2025-09-15 17:00,27.5,52
2025-09-15 18:00,26.1,51
2025-09-15 19:00,24.5,62
2025-09-15 20:00,23.9,72
2025-09-15 21:00,23.2,75
2025-09-15 22:00,22.3,76
2025-09-15 23:00,22.1,79
2025-09-16 0:00,21.4,79
2025-09-16 1:00,21.5,80
2025-09-16 2:00,21.2,83
2025-09-16 3:00,21.3,85
2025-09-16 4:00,20.8,85
2025-09-16 5:00,21.2,87
2025-09-16 6:00,21.3,87
2025-09-16 7:00,21.8,86
2025-09-16 8:00,23.5,84
2025-09-16 9:00,25.7,80
2025-09-16 10:00,25.4,81
2025-09-16 11:00,26.7,79
2025-09-16 12:00,25.6,78
2025-09-16 13:00,26,78
2025-09-16 14:00,23.5,86
2025-09-16 15:00,22.5,94
2025-09-16 16:00,24.5,93
2025-09-16 17:00,25.1,90
2025-09-16 18:00,23.8,88
2025-09-16 19:00,23.6,91
2025-09-16 20:00,23.4,91
2025-09-16 21:00,23.2,90
2025-09-16 22:00,23.3,91
2025-09-16 23:00,22.9,91
2025-09-17 0:00,22.9,92
2025-09-17 1:00,22.7,92
2025-09-17 2:00,23,93
2025-09-17 3:00,23.1,94
2025-09-17 4:00,23,93
2025-09-17 5:00,23.2,93
2025-09-17 6:00,22.9,93
2025-09-17 7:00,23.1,93
2025-09-17 8:00,23.3,95
2025-09-17 9:00,24.2,93
2025-09-17 10:00,23,95
2025-09-17 11:00,21.7,95
2025-09-17 12:00,22.1,97
2025-09-17 13:00,25.2,92
2025-09-17 14:00,23.3,91
2025-09-17 15:00,24,93
2025-09-17 16:00,24.3,93
2025-09-17 17:00,24.1,90
2025-09-17 18:00,23,87
2025-09-17 19:00,22.5,88
2025-09-17 20:00,22,87
2025-09-17 21:00,22.1,89
2025-09-17 22:00,21.9,88
2025-09-17 23:00,21.8,90
2025-09-18 0:00,20.7,90
2025-09-18 1:00,21,92
2025-09-18 2:00,20.5,91
2025-09-18 3:00,20.6,92
2025-09-18 4:00,19.9,92
2025-09-18 5:00,20.1,92
2025-09-18 6:00,19.9,93
2025-09-18 7:00,20,92
2025-09-18 8:00,21.4,90
2025-09-18 9:00,22.1,89
2025-09-18 10:00,24.1,81
2025-09-18 11:00,24.9,76
2025-09-18 12:00,28.8,67
2025-09-18 13:00,30.5,62
2025-09-18 14:00,28.9,59
2025-09-18 15:00,27.1,59
2025-09-18 16:00,25.9,57
2025-09-18 17:00,24,58
2025-09-18 18:00,22.7,61
2025-09-18 19:00,21.1,63
2025-09-18 20:00,20.8,65
2025-09-18 21:00,20.3,66
2025-09-18 22:00,19.8,67
2025-09-18 23:00,19.2,66
2025-09-19 0:00,18.9,68
2025-09-19 1:00,19,67
2025-09-19 2:00,19,68
2025-09-19 3:00,18.8,68
2025-09-19 4:00,18.8,71
2025-09-19 5:00,18.6,71
2025-09-19 6:00,18.7,73
2025-09-19 7:00,19,73
2025-09-19 8:00,19.4,74
2025-09-19 9:00,20.3,73
2025-09-19 10:00,21.5,73
2025-09-19 11:00,21.9,72
2025-09-19 12:00,23.2,75
2025-09-19 13:00,22.6,79
2025-09-19 14:00,22.2,81
2025-09-19 15:00,22.4,85
2025-09-19 16:00,21.7,86
2025-09-19 17:00,20.6,91
2025-09-19 18:00,20.1,91
2025-09-19 19:00,19.7,93
2025-09-19 20:00,19.2,93
2025-09-19 21:00,19.1,95
2025-09-19 22:00,19,95
2025-09-19 23:00,18.7,95
2025-09-20 0:00,18.1,96
2025-09-20 1:00,18.3,97
2025-09-20 2:00,17.7,98
2025-09-20 3:00,17.4,98
2025-09-20 4:00,17.8,98
2025-09-20 5:00,17.7,97
2025-09-20 6:00,18,97
2025-09-20 7:00,18.2,95
2025-09-20 8:00,19,95
2025-09-20 9:00,20.6,94
2025-09-20 10:00,21.1,91
2025-09-20 11:00,22.7,89
2025-09-20 12:00,22.7,84
2025-09-20 13:00,24.2,81
2025-09-20 14:00,24.3,74
2025-09-20 15:00,26,71
2025-09-20 16:00,24.3,70
2025-09-20 17:00,23.5,68
2025-09-20 18:00,21.9,75
2025-09-20 19:00,21.1,79
2025-09-20 20:00,20.7,81
2025-09-20 21:00,20.2,82
2025-09-20 22:00,19.6,81
2025-09-20 23:00,19.3,82
2025-09-21 0:00,19.3,82
2025-09-21 1:00,18.5,80
2025-09-21 2:00,18.1,82
2025-09-21 3:00,17.4,86
2025-09-21 4:00,17,87
2025-09-21 5:00,16.9,85
2025-09-21 6:00,16.7,85
2025-09-21 7:00,17.7,83
2025-09-21 8:00,18,78
2025-09-21 9:00,22.4,70
2025-09-21 10:00,25.7,65
2025-09-21 11:00,27.5,61
2025-09-21 12:00,30,59
2025-09-21 13:00,30.3,57
2025-09-21 14:00,30.1,54
2025-09-21 15:00,29.2,50
2025-09-21 16:00,27,50
2025-09-21 17:00,25.6,51
2025-09-21 18:00,22.7,56
2025-09-21 19:00,20.7,60
2025-09-21 20:00,19.4,63
2025-09-21 21:00,18.7,65
2025-09-21 22:00,18.3,63
2025-09-21 23:00,17.8,65
2025-09-22 0:00,18.1,65
2025-09-22 1:00,17.3,61
2025-09-22 2:00,17.1,62
2025-09-22 3:00,17.2,62
2025-09-22 4:00,17,64
2025-09-22 5:00,16.9,63
2025-09-22 6:00,17,64
2025-09-22 7:00,16.8,66
2025-09-22 8:00,18.1,64
2025-09-22 9:00,20.9,59
2025-09-22 10:00,25.2,55
2025-09-22 11:00,26.4,49
2025-09-22 12:00,28.2,47
2025-09-22 13:00,26.5,47
2025-09-22 14:00,26.7,47
2025-09-22 15:00,24.4,51
2025-09-22 16:00,24.3,51
2025-09-22 17:00,23.2,52
2025-09-22 18:00,21.3,54
2025-09-22 19:00,20.7,63
2025-09-22 20:00,20.1,66
2025-09-22 21:00,19.3,68
2025-09-22 22:00,19.5,69
2025-09-22 23:00,19.4,71
2025-09-23 0:00,19.3,73
2025-09-23 1:00,19.1,70
2025-09-23 2:00,18.9,73
2025-09-23 3:00,18.8,75
2025-09-23 4:00,18.6,71
2025-09-23 5:00,18.4,69
2025-09-23 6:00,17.9,68
2025-09-23 7:00,18.2,69
2025-09-23 8:00,19.7,69
2025-09-23 9:00,22.8,64
2025-09-23 10:00,24.2,57
2025-09-23 11:00,26.5,52
2025-09-23 12:00,27.5,41
2025-09-23 13:00,28.2,37
2025-09-23 14:00,27.6,40
2025-09-23 15:00,27.7,41
2025-09-23 16:00,25.1,40
2025-09-23 17:00,24,43
2025-09-23 18:00,22.4,45
2025-09-23 19:00,21.3,47
2025-09-23 20:00,21,52
2025-09-23 21:00,20.6,58
2025-09-23 22:00,20.4,58
2025-09-23 23:00,20.2,59
2025-09-24 0:00,19.8,60
2025-09-24 1:00,19.4,62
2025-09-24 2:00,19.2,61
2025-09-24 3:00,18.9,63
2025-09-24 4:00,18.5,68
2025-09-24 5:00,19,69
2025-09-24 6:00,18.6,68
2025-09-24 7:00,19.1,70
2025-09-24 8:00,20.4,71
2025-09-24 9:00,22.5,70
2025-09-24 10:00,22.2,70
2025-09-24 11:00,22.4,71
2025-09-24 12:00,21.8,79
2025-09-24 13:00,22.2,83
2025-09-24 14:00,21.2,93
2025-09-24 15:00,22.2,93
2025-09-24 16:00,21.8,95
2025-09-24 17:00,22.1,94
2025-09-24 18:00,22,93
2025-09-24 19:00,21.7,95
2025-09-24 20:00,21,94
2025-09-24 21:00,21.1,94
2025-09-24 22:00,20.8,95
2025-09-24 23:00,20.9,95
2025-09-25 0:00,20.9,94
2025-09-25 1:00,21,95
2025-09-25 2:00,20.7,93
2025-09-25 3:00,20.9,92
2025-09-25 4:00,20.5,93
2025-09-25 5:00,20.5,91
2025-09-25 6:00,20.3,90
2025-09-25 7:00,20.5,91
2025-09-25 8:00,21.4,91
2025-09-25 9:00,22.9,90
2025-09-25 10:00,24.1,85
2025-09-25 11:00,25.3,81
2025-09-25 12:00,26.9,77
2025-09-25 13:00,27.5,74
2025-09-25 14:00,26.6,67
2025-09-25 15:00,27,61
2025-09-25 16:00,25.7,59
2025-09-25 17:00,24.3,56
2025-09-25 18:00,22.6,61
2025-09-25 19:00,21,70
2025-09-25 20:00,20.5,78
2025-09-25 21:00,19.7,80
2025-09-25 22:00,18.9,84
2025-09-25 23:00,18.7,86
2025-09-26 0:00,18.4,89
2025-09-26 1:00,18.1,89
2025-09-26 2:00,18,92
2025-09-26 3:00,17.6,93
2025-09-26 4:00,17.1,92
2025-09-26 5:00,17,92
2025-09-26 6:00,17,94
2025-09-26 7:00,16.6,94
2025-09-26 8:00,18.9,95
2025-09-26 9:00,21.7,92
2025-09-26 10:00,23.1,86
2025-09-26 11:00,26.6,81
2025-09-26 12:00,27.7,73
2025-09-26 13:00,28.4,68
2025-09-26 14:00,27.5,61
2025-09-26 15:00,27.4,58
2025-09-26 16:00,26.1,57
2025-09-26 17:00,24.5,60
2025-09-26 18:00,22.6,63
2025-09-26 19:00,21.8,67
2025-09-26 20:00,20.8,70
2025-09-26 21:00,20.2,72
2025-09-26 22:00,18.9,77
2025-09-26 23:00,19.1,79
2025-09-27 0:00,18.3,80
2025-09-27 1:00,18.2,81
2025-09-27 2:00,17.8,85
2025-09-27 3:00,17.5,86
2025-09-27 4:00,17.3,88
2025-09-27 5:00,17.2,88
2025-09-27 6:00,17.2,90
2025-09-27 7:00,17.1,92
2025-09-27 8:00,18.4,88
2025-09-27 9:00,23.1,76
2025-09-27 10:00,26,67
2025-09-27 11:00,29,64
2025-09-27 12:00,28.9,56
2025-09-27 13:00,29.1,57
2025-09-27 14:00,28.5,55
2025-09-27 15:00,27.5,56
2025-09-27 16:00,25.7,59
2025-09-27 17:00,24.5,58
2025-09-27 18:00,23.2,61
2025-09-27 19:00,21.5,64
2025-09-27 20:00,20.6,67
2025-09-27 21:00,19.7,71
2025-09-27 22:00,19.9,72
2025-09-27 23:00,20.2,73
2025-09-28 0:00,19.5,73
2025-09-28 1:00,20.3,75
2025-09-28 2:00,20.4,76
2025-09-28 3:00,20.1,78
2025-09-28 4:00,20.3,82
2025-09-28 5:00,20.5,90
2025-09-28 6:00,20.4,93
2025-09-28 7:00,19.9,93
2025-09-28 8:00,19,93
2025-09-28 9:00,19.5,95
2025-09-28 10:00,18.8,95
2025-09-28 11:00,19.4,95
2025-09-28 12:00,21.1,94
2025-09-28 13:00,22.2,91
2025-09-28 14:00,26.5,88
2025-09-28 15:00,24.4,79
2025-09-28 16:00,23,78
2025-09-28 17:00,22.1,81
2025-09-28 18:00,21.1,80
2025-09-28 19:00,19.9,80
2025-09-28 20:00,19.5,80
2025-09-28 21:00,19.6,83
2025-09-28 22:00,19.5,83
2025-09-28 23:00,19.2,83
2025-09-29 0:00,18.6,83
2025-09-29 1:00,17.9,86
2025-09-29 2:00,17.8,87
2025-09-29 3:00,17.4,90
2025-09-29 4:00,17.2,90
2025-09-29 5:00,16.8,90
2025-09-29 6:00,16.8,91
2025-09-29 7:00,16.8,92
2025-09-29 8:00,18.2,91
2025-09-29 9:00,18.9,87
2025-09-29 10:00,23.6,79
2025-09-29 11:00,23.6,71
2025-09-29 12:00,22.5,72
2025-09-29 13:00,25.8,68
2025-09-29 14:00,25.7,61
2025-09-29 15:00,25.5,57
2025-09-29 16:00,23.7,59
2025-09-29 17:00,22.7,57
2025-09-29 18:00,21.2,64
2025-09-29 19:00,19.3,71
2025-09-29 20:00,18.6,73
2025-09-29 21:00,18,77
2025-09-29 22:00,17.5,81
2025-09-29 23:00,17.2,82
2025-09-30 0:00,16.9,84
2025-09-30 1:00,16.7,85
2025-09-30 2:00,16.5,87
2025-09-30 3:00,17.3,89
2025-09-30 4:00,17.3,89
2025-09-30 5:00,17.6,90
2025-09-30 6:00,17.2,90
2025-09-30 7:00,17.1,91
2025-09-30 8:00,18.6,91
2025-09-30 9:00,19.6,89
2025-09-30 10:00,20.6,86
2025-09-30 11:00,21.7,83
2025-09-30 12:00,22.2,80
2025-09-30 13:00,24.1,74
2025-09-30 14:00,26.8,69
2025-09-30 15:00,24.3,63
2025-09-30 16:00,23.7,64
2025-09-30 17:00,22.7,64
2025-09-30 18:00,21.2,69
2025-09-30 19:00,19.4,73
2025-09-30 20:00,18.6,77
2025-09-30 21:00,17.8,82
2025-09-30 22:00,17.3,83
2025-09-30 23:00,17.1,85
2025-10-01 0:00,16.7,88
2025-10-01 1:00,16.6,88
2025-10-01 2:00,16.4,90
2025-10-01 3:00,16.3,91
2025-10-01 4:00,16.3,92
2025-10-01 5:00,16.2,93
2025-10-01 6:00,15.7,92
2025-10-01 7:00,16.1,95
2025-10-01 8:00,18.2,95
2025-10-01 9:00,21.1,90
2025-10-01 10:00,22.4,81
2025-10-01 11:00,22.8,76
2025-10-01 12:00,22.7,70
2025-10-01 13:00,24.6,63
2025-10-01 14:00,25.7,60
2025-10-01 15:00,25,55
2025-10-01 16:00,24.1,62
2025-10-01 17:00,23.2,67
2025-10-01 18:00,22.1,72
2025-10-01 19:00,21.2,66
2025-10-01 20:00,20.8,72
2025-10-01 21:00,19.5,73
2025-10-01 22:00,19,78
2025-10-01 23:00,18.8,82
2025-10-02 0:00,18.2,82
2025-10-02 1:00,18.1,85
2025-10-02 2:00,18.2,86
2025-10-02 3:00,18,87
2025-10-02 4:00,17.9,88
2025-10-02 5:00,18,88
2025-10-02 6:00,18,88
2025-10-02 7:00,17.8,90
2025-10-02 8:00,18.4,90
2025-10-02 9:00,20.2,85
2025-10-02 10:00,22.1,77
2025-10-02 11:00,24,68
2025-10-02 12:00,25.8,59
2025-10-02 13:00,26.5,59
2025-10-02 14:00,26.2,58
2025-10-02 15:00,25.3,59
2025-10-02 16:00,24.9,57
2025-10-02 17:00,23.2,60
2025-10-02 18:00,22.3,63
2025-10-02 19:00,21.2,69
2025-10-02 20:00,20.7,72
2025-10-02 21:00,20.6,75
2025-10-02 22:00,20.1,77
2025-10-02 23:00,20,78
2025-10-03 0:00,19.8,80
2025-10-03 1:00,20.1,79
2025-10-03 2:00,19.9,81
2025-10-03 3:00,20.1,80
2025-10-03 4:00,19.8,82
2025-10-03 5:00,19.7,85
2025-10-03 6:00,19.5,88
2025-10-03 7:00,19.4,87
2025-10-03 8:00,19.5,80
2025-10-03 9:00,20.4,83
2025-10-03 10:00,21.3,83
2025-10-03 11:00,21.5,78
2025-10-03 12:00,23.1,70
2025-10-03 13:00,22.7,70
2025-10-03 14:00,22.5,69
2025-10-03 15:00,22.8,70
2025-10-03 16:00,22.4,76
2025-10-03 17:00,21.9,74
2025-10-03 18:00,21.4,72
2025-10-03 19:00,20.6,71
2025-10-03 20:00,20.3,68
2025-10-03 21:00,20.2,74
2025-10-03 22:00,20.1,69
2025-10-03 23:00,19.4,67
2025-10-04 0:00,19.8,67
2025-10-04 1:00,19.4,68
2025-10-04 2:00,19.5,69
2025-10-04 3:00,19.6,69
2025-10-04 4:00,19.6,72
2025-10-04 5:00,19.8,70
2025-10-04 6:00,19.6,70
2025-10-04 7:00,19.7,73
2025-10-04 8:00,20.4,73
2025-10-04 9:00,20.8,74
2025-10-04 10:00,21.5,74
2025-10-04 11:00,22.1,74
2025-10-04 12:00,23.3,77
2025-10-04 13:00,25.2,77
2025-10-04 14:00,25.9,71
2025-10-04 15:00,26.2,71
2025-10-04 16:00,25,72
2025-10-04 17:00,23.7,74
2025-10-04 18:00,22.8,75
2025-10-04 19:00,22.3,75
2025-10-04 20:00,22,78
2025-10-04 21:00,21.8,79
2025-10-04 22:00,20.9,81
2025-10-04 23:00,20.9,82
2025-10-05 0:00,21.2,82
2025-10-05 1:00,21.1,83
2025-10-05 2:00,21,83
2025-10-05 3:00,21.2,84
2025-10-05 4:00,21.1,85
2025-10-05 5:00,20.8,85
2025-10-05 6:00,20.7,86
2025-10-05 7:00,20.6,85
2025-10-05 8:00,20.6,86
2025-10-05 9:00,21.3,85
2025-10-05 10:00,21.3,91
2025-10-05 11:00,20.6,94
2025-10-05 12:00,21.5,94
2025-10-05 13:00,23,92
2025-10-05 14:00,22.2,93
2025-10-05 15:00,22.2,92
2025-10-05 16:00,23,93
2025-10-05 17:00,22.4,91
2025-10-05 18:00,21.6,90
2025-10-05 19:00,20.6,91
2025-10-05 20:00,20.1,92
2025-10-05 21:00,20.4,93
2025-10-05 22:00,20.4,91
2025-10-05 23:00,20.4,93
2025-10-06 0:00,20.2,93
2025-10-06 1:00,20.1,92
2025-10-06 2:00,20.3,92
2025-10-06 3:00,20.1,91
2025-10-06 4:00,19.8,90
2025-10-06 5:00,20,91
2025-10-06 6:00,19.6,89
2025-10-06 7:00,19.9,90
2025-10-06 8:00,19.6,95
2025-10-06 9:00,19.2,95
2025-10-06 10:00,19,93
2025-10-06 11:00,19.1,91
2025-10-06 12:00,19.1,87
2025-10-06 13:00,18.8,89
2025-10-06 14:00,19.5,93
2025-10-06 15:00,18.5,94
2025-10-06 16:00,18.2,96
2025-10-06 17:00,17.6,97
2025-10-06 18:00,17.1,97
2025-10-06 19:00,16.4,98
2025-10-06 20:00,16.2,97
2025-10-06 21:00,16.1,98
2025-10-06 22:00,15.9,98
2025-10-06 23:00,16,99
2025-10-07 0:00,15.7,99
2025-10-07 1:00,15.9,99
2025-10-07 2:00,16,99
2025-10-07 3:00,16,98
2025-10-07 4:00,16.2,96
2025-10-07 5:00,16.3,97
2025-10-07 6:00,16.4,98
2025-10-07 7:00,16.8,96
2025-10-07 8:00,17.3,98
2025-10-07 9:00,17.8,96
2025-10-07 10:00,19.1,94
2025-10-07 11:00,19.7,91
2025-10-07 12:00,20.7,90
2025-10-07 13:00,21.6,89
2025-10-07 14:00,20.8,87
2025-10-07 15:00,20.8,93
2025-10-07 16:00,20.3,93
2025-10-07 17:00,19.7,94
2025-10-07 18:00,19.5,94
2025-10-07 19:00,18.8,95
2025-10-07 20:00,18.8,95
2025-10-07 21:00,18.7,96
2025-10-07 22:00,18.6,95
2025-10-07 23:00,18.6,95
2025-10-08 0:00,18.4,94
2025-10-08 1:00,18.6,93
2025-10-08 2:00,18.5,94
2025-10-08 3:00,18.3,95
2025-10-08 4:00,18.3,94
2025-10-08 5:00,18.4,93
2025-10-08 6:00,17.4,94
2025-10-08 7:00,17.1,93
2025-10-08 8:00,17.3,94
2025-10-08 9:00,20.2,89
2025-10-08 10:00,23.2,80
2025-10-08 11:00,24.9,74
2025-10-08 12:00,26.3,70
2025-10-08 13:00,26.9,58
2025-10-08 14:00,27.3,54
2025-10-08 15:00,26.7,47
2025-10-08 16:00,25.3,44
2025-10-08 17:00,23.8,49
2025-10-08 18:00,21.7,53
2025-10-08 19:00,20.6,59
2025-10-08 20:00,20.2,65
2025-10-08 21:00,19.8,66
2025-10-08 22:00,19.7,69
2025-10-08 23:00,19.9,70
2025-10-09 0:00,19.3,68
2025-10-09 1:00,19,69
2025-10-09 2:00,18.8,71
2025-10-09 3:00,18.4,64
2025-10-09 4:00,18.5,64
2025-10-09 5:00,18.3,61
2025-10-09 6:00,17.9,60
2025-10-09 7:00,18,61
2025-10-09 8:00,18.4,66
2025-10-09 9:00,19.3,69
2025-10-09 10:00,20.6,69
2025-10-09 11:00,21.5,66
2025-10-09 12:00,23.7,65
2025-10-09 13:00,24.1,64
2025-10-09 14:00,23,66
2025-10-09 15:00,21.8,65
2025-10-09 16:00,20.3,69
2025-10-09 17:00,20.2,68
2025-10-09 18:00,19.4,69
2025-10-09 19:00,19,71
2025-10-09 20:00,18.7,71
2025-10-09 21:00,18.4,75
2025-10-09 22:00,18.2,79
2025-10-09 23:00,18,85
2025-10-10 0:00,17.8,90
2025-10-10 1:00,17.3,94
2025-10-10 2:00,17,96
2025-10-10 3:00,17.1,96
2025-10-10 4:00,17.2,95
2025-10-10 5:00,17.1,97
2025-10-10 6:00,17.1,98
2025-10-10 7:00,17.3,98
2025-10-10 8:00,17.3,98
2025-10-10 9:00,17.7,98
2025-10-10 10:00,17.6,98
2025-10-10 11:00,18.4,98
2025-10-10 12:00,18.6,98
2025-10-10 13:00,18.7,98
2025-10-10 14:00,18.8,98
2025-10-10 15:00,18.5,96
2025-10-10 16:00,18.2,98
2025-10-10 17:00,17.9,99
2025-10-10 18:00,17.7,99
2025-10-10 19:00,17.5,99
2025-10-10 20:00,17.2,99
2025-10-10 21:00,17.2,100
2025-10-10 22:00,17.2,99
2025-10-10 23:00,17,100
2025-10-11 0:00,17.3,100
2025-10-11 1:00,17.1,100
2025-10-11 2:00,17.2,100
2025-10-11 3:00,17.4,100
2025-10-11 4:00,17.4,100
2025-10-11 5:00,17.5,99
2025-10-11 6:00,17.5,99
2025-10-11 7:00,17.7,100
2025-10-11 8:00,17.9,100
2025-10-11 9:00,18.3,98
2025-10-11 10:00,19.2,100
2025-10-11 11:00,19.6,98
2025-10-11 12:00,20.9,95
2025-10-11 13:00,23.2,90
2025-10-11 14:00,24,77
2025-10-11 15:00,23,74
2025-10-11 16:00,21.8,78
2025-10-11 17:00,21.3,81
2025-10-11 18:00,20.5,91
2025-10-11 19:00,20.5,96
2025-10-11 20:00,20.5,97
2025-10-11 21:00,20.2,94
2025-10-11 22:00,19.9,96
2025-10-11 23:00,19.6,93
2025-10-12 0:00,19.2,94
2025-10-12 1:00,19.1,95
2025-10-12 2:00,18.9,95
2025-10-12 3:00,18.5,95
2025-10-12 4:00,18.1,96
2025-10-12 5:00,18.3,95
2025-10-12 6:00,18.3,94
2025-10-12 7:00,18.2,95
2025-10-12 8:00,18.5,95
2025-10-12 9:00,19.1,94
2025-10-12 10:00,21.9,93
2025-10-12 11:00,22.8,87
2025-10-12 12:00,23,84
2025-10-12 13:00,23.1,82
2025-10-12 14:00,22.1,76
2025-10-12 15:00,21.6,74
2025-10-12 16:00,21.5,73
2025-10-12 17:00,20.2,74
2025-10-12 18:00,19.5,76
2025-10-12 19:00,19.1,78
2025-10-12 20:00,18.7,78
2025-10-12 21:00,18.6,77
2025-10-12 22:00,18.4,79
2025-10-12 23:00,18.3,79
2025-10-13 0:00,18.3,83
2025-10-13 1:00,18.1,86
2025-10-13 2:00,17.5,94
2025-10-13 3:00,17.3,94
2025-10-13 4:00,17.3,93
2025-10-13 5:00,17.2,96
2025-10-13 6:00,17.1,98
2025-10-13 7:00,16.8,97
2025-10-13 8:00,16.9,97
2025-10-13 9:00,17.4,95
2025-10-13 10:00,17.7,91
2025-10-13 11:00,18.1,89
2025-10-13 12:00,18,88
2025-10-13 13:00,17.7,93
2025-10-13 14:00,17.1,94
2025-10-13 15:00,17.1,97
2025-10-13 16:00,16.6,97
2025-10-13 17:00,16,96
2025-10-13 18:00,15.3,97
2025-10-13 19:00,15.2,97
2025-10-13 20:00,15,97
2025-10-13 21:00,14.9,96
2025-10-13 22:00,15,96
2025-10-13 23:00,15.2,94
2025-10-14 0:00,15.1,90
2025-10-14 1:00,15.1,89
2025-10-14 2:00,15.3,89
2025-10-14 3:00,15.3,89
2025-10-14 4:00,15.3,94
2025-10-14 5:00,15.2,97
2025-10-14 6:00,15.1,96
2025-10-14 7:00,15.1,95
2025-10-14 8:00,15.8,93
2025-10-14 9:00,17.1,91
2025-10-14 10:00,18.6,84
2025-10-14 11:00,20.5,79
2025-10-14 12:00,22.2,71
2025-10-14 13:00,22.6,70
2025-10-14 14:00,22.6,70
2025-10-14 15:00,22.4,69
2025-10-14 16:00,22,68
2025-10-14 17:00,20.7,71
2025-10-14 18:00,19.3,71
2025-10-14 19:00,18.7,74
2025-10-14 20:00,18.1,75
2025-10-14 21:00,17.7,76
2025-10-14 22:00,17.5,75
2025-10-14 23:00,17,77
2025-10-15 0:00,16.6,79
2025-10-15 1:00,16.3,77
2025-10-15 2:00,15.9,79
2025-10-15 3:00,15.5,80
2025-10-15 4:00,15.2,82
2025-10-15 5:00,15.1,85
2025-10-15 6:00,14.8,84
2025-10-15 7:00,15.6,84
2025-10-15 8:00,16.4,82
2025-10-15 9:00,18.4,75
2025-10-15 10:00,22.2,69
2025-10-15 11:00,24.3,63
2025-10-15 12:00,24.8,59
2025-10-15 13:00,26.9,56
2025-10-15 14:00,26.1,56
2025-10-15 15:00,24.3,60
2025-10-15 16:00,22.9,62
2025-10-15 17:00,21.5,62
2025-10-15 18:00,20.7,65
2025-10-15 19:00,19.9,73
2025-10-15 20:00,19,79
2025-10-15 21:00,18.7,84
2025-10-15 22:00,18.8,82
2025-10-15 23:00,18.7,86
2025-10-16 0:00,18.3,91
2025-10-16 1:00,18,92
2025-10-16 2:00,17.8,92
2025-10-16 3:00,17.5,92
2025-10-16 4:00,17.1,91
2025-10-16 5:00,17.5,89
2025-10-16 6:00,17,89
2025-10-16 7:00,16.4,90
2025-10-16 8:00,16.6,89
2025-10-16 9:00,19.8,82
2025-10-16 10:00,21.9,76
2025-10-16 11:00,24.5,67
2025-10-16 12:00,26.8,66
2025-10-16 13:00,24.7,65
2025-10-16 14:00,25.9,62
2025-10-16 15:00,24.4,62
2025-10-16 16:00,24.1,62
2025-10-16 17:00,21.7,65
2025-10-16 18:00,19.8,68
2025-10-16 19:00,18.7,72
2025-10-16 20:00,18,71
2025-10-16 21:00,17.4,71
2025-10-16 22:00,16.9,71
2025-10-16 23:00,16.4,72
2025-10-17 0:00,16.1,72
2025-10-17 1:00,15.8,74
2025-10-17 2:00,15.6,74
2025-10-17 3:00,15.4,77
2025-10-17 4:00,15.1,77
2025-10-17 5:00,14.8,79
2025-10-17 6:00,14.5,82
2025-10-17 7:00,14.5,83
2025-10-17 8:00,15.1,81
2025-10-17 9:00,18.3,74
2025-10-17 10:00,20.4,70
2025-10-17 11:00,23.6,65
2025-10-17 12:00,24.7,59
2025-10-17 13:00,26.4,56
2025-10-17 14:00,25.4,55
2025-10-17 15:00,24.1,58
2025-10-17 16:00,22.8,60
2025-10-17 17:00,21.2,63
2025-10-17 18:00,20.5,69
2025-10-17 19:00,19.6,80
2025-10-17 20:00,18.7,84
2025-10-17 21:00,18.6,87
2025-10-17 22:00,18.4,91
2025-10-17 23:00,18.3,91
2025-10-18 0:00,18.2,92
2025-10-18 1:00,18.1,93
2025-10-18 2:00,17.9,92
2025-10-18 3:00,17.7,95
2025-10-18 4:00,17.1,94
2025-10-18 5:00,16.6,93
2025-10-18 6:00,16.5,94
2025-10-18 7:00,16.5,95
2025-10-18 8:00,16.6,92
2025-10-18 9:00,17.3,92
2025-10-18 10:00,18.3,90
2025-10-18 11:00,17.8,88
2025-10-18 12:00,19.2,86
2025-10-18 13:00,19.5,85
2025-10-18 14:00,20.5,83
2025-10-18 15:00,19.9,81
2025-10-18 16:00,19.2,81
2025-10-18 17:00,18.1,80
2025-10-18 18:00,16.8,83
2025-10-18 19:00,16.7,83
2025-10-18 20:00,16.4,84
2025-10-18 21:00,15.9,83
2025-10-18 22:00,15.4,85
2025-10-18 23:00,15.1,86
2025-10-19 0:00,14.5,88
2025-10-19 1:00,14.5,88
2025-10-19 2:00,14.4,89
2025-10-19 3:00,14.6,86
2025-10-19 4:00,13.8,86
2025-10-19 5:00,13.3,86
2025-10-19 6:00,12.9,86
2025-10-19 7:00,12.5,89
2025-10-19 8:00,13.9,91
2025-10-19 9:00,16.6,81
2025-10-19 10:00,20.8,74
2025-10-19 11:00,20.6,72
2025-10-19 12:00,22.3,72
2025-10-19 13:00,20.4,72
2025-10-19 14:00,21.3,67
2025-10-19 15:00,20.2,59
2025-10-19 16:00,18.7,64
2025-10-19 17:00,17.4,63
2025-10-19 18:00,14.8,60
2025-10-19 19:00,13.2,61
2025-10-19 20:00,12.1,60
2025-10-19 21:00,10.9,61
2025-10-19 22:00,10.6,64
2025-10-19 23:00,10.1,69
2025-10-20 0:00,9.3,67
2025-10-20 1:00,8.7,67
2025-10-20 2:00,8.4,72
2025-10-20 3:00,8,72
2025-10-20 4:00,7.8,73
2025-10-20 5:00,7.8,76
2025-10-20 6:00,7.8,77
2025-10-20 7:00,7.9,79
2025-10-20 8:00,9.4,80
2025-10-20 9:00,12.1,76
2025-10-20 10:00,15.1,69
2025-10-20 11:00,17.3,67
2025-10-20 12:00,19,66
2025-10-20 13:00,18.4,60
2025-10-20 14:00,19.7,60
2025-10-20 15:00,18.8,56
2025-10-20 16:00,18.1,59
2025-10-20 17:00,16.3,60
2025-10-20 18:00,13.6,63
2025-10-20 19:00,12.2,63
2025-10-20 20:00,11.2,55
2025-10-20 21:00,10.1,55
2025-10-20 22:00,9.6,57
2025-10-20 23:00,9.1,58
2025-10-21 0:00,8.5,62
2025-10-21 1:00,8.2,63
2025-10-21 2:00,7.9,64
2025-10-21 3:00,7.8,69
2025-10-21 4:00,7.6,70
2025-10-21 5:00,7.2,73
2025-10-21 6:00,7.1,73
2025-10-21 7:00,6.9,75
2025-10-21 8:00,8,77
2025-10-21 9:00,11.8,71
2025-10-21 10:00,13.6,67
2025-10-21 11:00,15.5,65
2025-10-21 12:00,17.6,61
2025-10-21 13:00,18,62
2025-10-21 14:00,17.6,62
2025-10-21 15:00,17,61
2025-10-21 16:00,15.8,61
2025-10-21 17:00,13.7,56
2025-10-21 18:00,11.6,63
2025-10-21 19:00,10.3,65
2025-10-21 20:00,9.6,64
2025-10-21 21:00,9.1,66
2025-10-21 22:00,8.5,74
2025-10-21 23:00,8.2,80
2025-10-22 0:00,8,82
2025-10-22 1:00,7.8,81
2025-10-22 2:00,7.5,84
2025-10-22 3:00,7.7,85
2025-10-22 4:00,7.3,86
2025-10-22 5:00,7,89
2025-10-22 6:00,7.1,90
2025-10-22 7:00,7.2,90
2025-10-22 8:00,8,89
2025-10-22 9:00,11.6,80
2025-10-22 10:00,15.2,67
2025-10-22 11:00,17.9,62
2025-10-22 12:00,19.2,59
2025-10-22 13:00,20.2,55
2025-10-22 14:00,18.6,57
2025-10-22 15:00,19.2,55
2025-10-22 16:00,17.8,56
2025-10-22 17:00,16.2,60
2025-10-22 18:00,15.4,61
2025-10-22 19:00,13.9,65
2025-10-22 20:00,13.8,70
2025-10-22 21:00,13,71
2025-10-22 22:00,12.7,74
2025-10-22 23:00,12.3,73
2025-10-23 0:00,11.7,76
2025-10-23 1:00,11,76
2025-10-23 2:00,11.3,79
2025-10-23 3:00,10.9,78
2025-10-23 4:00,11,80
2025-10-23 5:00,10.9,80
2025-10-23 6:00,11.4,81
2025-10-23 7:00,11.8,80
2025-10-23 8:00,12.9,79
2025-10-23 9:00,14.5,73
2025-10-23 10:00,15.5,72
2025-10-23 11:00,18.7,64
2025-10-23 12:00,18.7,62
2025-10-23 13:00,18.5,62
2025-10-23 14:00,17.8,60
2025-10-23 15:00,18,60
2025-10-23 16:00,17.7,58
2025-10-23 17:00,16.2,55
2025-10-23 18:00,14.4,60
2025-10-23 19:00,13.8,66
2025-10-23 20:00,12.9,70
2025-10-23 21:00,12.1,71
2025-10-23 22:00,11.7,72
2025-10-23 23:00,11.4,74
2025-10-24 0:00,11,77
2025-10-24 1:00,10.8,76
2025-10-24 2:00,10.8,76
2025-10-24 3:00,11,76
2025-10-24 4:00,11.1,75
2025-10-24 5:00,10.6,76
2025-10-24 6:00,10.2,77
2025-10-24 7:00,10.1,79
2025-10-24 8:00,10.7,77
2025-10-24 9:00,14,69
2025-10-24 10:00,16.7,64
2025-10-24 11:00,19.6,59
2025-10-24 12:00,21.3,57
2025-10-24 13:00,21.4,55
2025-10-24 14:00,22.5,52
2025-10-24 15:00,21.4,47
2025-10-24 16:00,20,50
2025-10-24 17:00,17.4,55
2025-10-24 18:00,15.4,59
2025-10-24 19:00,15.3,67
2025-10-24 20:00,14.1,67
2025-10-24 21:00,13.9,70
2025-10-24 22:00,13.5,72
2025-10-24 23:00,13,74
2025-10-25 0:00,14,77
2025-10-25 1:00,13.5,78
2025-10-25 2:00,13.4,79
2025-10-25 3:00,12.2,79
2025-10-25 4:00,12.1,82
2025-10-25 5:00,11.9,85
2025-10-25 6:00,12.5,86
2025-10-25 7:00,12.8,85
2025-10-25 8:00,13.2,85
2025-10-25 9:00,14.4,84
2025-10-25 10:00,16.8,81
2025-10-25 11:00,18.5,75
2025-10-25 12:00,18.6,69
2025-10-25 13:00,18,62
2025-10-25 14:00,16.7,62
2025-10-25 15:00,17,56
2025-10-25 16:00,16.1,47
2025-10-25 17:00,14.4,49
2025-10-25 18:00,12.6,52
2025-10-25 19:00,12,60
2025-10-25 20:00,12,55
2025-10-25 21:00,12,52
2025-10-25 22:00,12,55
2025-10-25 23:00,12,59
2025-10-26 0:00,11.7,57
2025-10-26 1:00,11.7,59
2025-10-26 2:00,11.7,61
2025-10-26 3:00,11.5,62
2025-10-26 4:00,11.5,62
2025-10-26 5:00,11.5,61
2025-10-26 6:00,11.5,63
2025-10-26 7:00,11.4,65
2025-10-26 8:00,12.5,65
2025-10-26 9:00,13.5,61
2025-10-26 10:00,14.8,51
2025-10-26 11:00,14,58
2025-10-26 12:00,13.9,69
2025-10-26 13:00,14.7,76
2025-10-26 14:00,16.4,72
2025-10-26 15:00,15.2,74
2025-10-26 16:00,14.9,78
2025-10-26 17:00,14.2,80
2025-10-26 18:00,12.4,84
2025-10-26 19:00,12.2,84
2025-10-26 20:00,12.4,83
2025-10-26 21:00,11.6,86
2025-10-26 22:00,11.2,81
2025-10-26 23:00,11.4,72
2025-10-27 0:00,9.5,62
2025-10-27 1:00,8.5,56
2025-10-27 2:00,7.7,51
2025-10-27 3:00,6.9,48
2025-10-27 4:00,6.1,51
2025-10-27 5:00,5.6,54
2025-10-27 6:00,5.1,54
2025-10-27 7:00,4.6,53
2025-10-27 8:00,4.8,54
2025-10-27 9:00,7.4,47
2025-10-27 10:00,9.8,38
2025-10-27 11:00,12.1,28
2025-10-27 12:00,13.1,29
2025-10-27 13:00,13.3,30
2025-10-27 14:00,14.2,33
2025-10-27 15:00,13.3,34
2025-10-27 16:00,12.1,37
2025-10-27 17:00,11.1,44
2025-10-27 18:00,9.1,46
2025-10-27 19:00,8.3,47
2025-10-27 20:00,7.6,49
2025-10-27 21:00,6.8,51
2025-10-27 22:00,6.2,56
2025-10-27 23:00,6,55
2025-10-28 0:00,5.6,51
2025-10-28 1:00,4.9,55
2025-10-28 2:00,4.4,63
2025-10-28 3:00,4,63
2025-10-28 4:00,3.5,62
2025-10-28 5:00,3.1,66
2025-10-28 6:00,3.1,68
2025-10-28 7:00,2.8,68
2025-10-28 8:00,3.6,62
2025-10-28 9:00,7.5,64
2025-10-28 10:00,11.9,47
2025-10-28 11:00,14.8,35
2025-10-28 12:00,16.3,26
2025-10-28 13:00,17.3,28
2025-10-28 14:00,17.5,30
2025-10-28 15:00,16.1,27
2025-10-28 16:00,13.5,32
2025-10-28 17:00,12.4,39
2025-10-28 18:00,9.6,42
2025-10-28 19:00,8.8,53
2025-10-28 20:00,7.8,58
2025-10-28 21:00,7.3,61
2025-10-28 22:00,7,64
2025-10-28 23:00,6.5,67
2025-10-29 0:00,6.4,68
2025-10-29 1:00,6.2,66
2025-10-29 2:00,6,72
2025-10-29 3:00,6,72
2025-10-29 4:00,5.8,73
2025-10-29 5:00,5.8,73
2025-10-29 6:00,5.6,71
2025-10-29 7:00,6.8,70
2025-10-29 8:00,7.9,68
2025-10-29 9:00,10.2,65
2025-10-29 10:00,13.9,60
2025-10-29 11:00,16.8,55
2025-10-29 12:00,18.8,52
2025-10-29 13:00,21.2,51
2025-10-29 14:00,20.1,50
2025-10-29 15:00,19.2,47
2025-10-29 16:00,17.3,46
2025-10-29 17:00,14.2,50
2025-10-29 18:00,11.8,62
2025-10-29 19:00,10.8,64
2025-10-29 20:00,10.1,68
2025-10-29 21:00,9.7,74
2025-10-29 22:00,8.9,72
2025-10-29 23:00,8.8,76
2025-10-30 0:00,8.4,77
2025-10-30 1:00,8.1,81
2025-10-30 2:00,7.8,82
2025-10-30 3:00,7.6,83
2025-10-30 4:00,7.5,84
2025-10-30 5:00,7.2,84
2025-10-30 6:00,7.1,85
2025-10-30 7:00,7,84
2025-10-30 8:00,8.5,83
2025-10-30 9:00,11.9,74
2025-10-30 10:00,15.9,65
2025-10-30 11:00,18.2,58
2025-10-30 12:00,20,53
2025-10-30 13:00,21.3,51
2025-10-30 14:00,20.3,49
2025-10-30 15:00,19.4,51
2025-10-30 16:00,17.7,54
2025-10-30 17:00,14.8,57
2025-10-30 18:00,12.9,65
2025-10-30 19:00,12.4,69
2025-10-30 20:00,12.1,70
2025-10-30 21:00,11.7,73
2025-10-30 22:00,11.1,75
2025-10-30 23:00,11,78
2025-10-31 0:00,10.6,78
2025-10-31 1:00,10.7,78
2025-10-31 2:00,10.7,82
2025-10-31 3:00,10.6,83
2025-10-31 4:00,10.7,83
2025-10-31 5:00,10.9,86
2025-10-31 6:00,11,86
2025-10-31 7:00,11.1,86
2025-10-31 8:00,11.8,85
2025-10-31 9:00,15.6,80
2025-10-31 10:00,18,74
2025-10-31 11:00,21.9,64
2025-10-31 12:00,25.2,55
2025-10-31 13:00,27.8,51
2025-10-31 14:00,25.9,45
2025-10-31 15:00,23.1,50
2025-10-31 16:00,19.5,53
2025-10-31 17:00,16.5,55
2025-10-31 18:00,15.2,57
2025-10-31 19:00,14.7,60
2025-10-31 20:00,14.2,64
2025-10-31 21:00,13.9,71
2025-10-31 22:00,13.3,70
2025-10-31 23:00,13,77
2025-11-01 0:00,12.3,77
2025-11-01 1:00,12.2,82
2025-11-01 2:00,11.9,83
2025-11-01 3:00,12.1,87
2025-11-01 4:00,11.9,88
2025-11-01 5:00,11.2,85
2025-11-01 6:00,10.9,87
2025-11-01 7:00,8.6,84
2025-11-01 8:00,9.1,83
2025-11-01 9:00,13.4,78
2025-11-01 10:00,16.8,70
2025-11-01 11:00,18.7,56
2025-11-01 12:00,21.3,51
2025-11-01 13:00,22,39
2025-11-01 14:00,22.6,37
2025-11-01 15:00,19.4,38
2025-11-01 16:00,16.2,36
2025-11-01 17:00,14.4,54
2025-11-01 18:00,11.1,76
2025-11-01 19:00,9.7,79
2025-11-01 20:00,9.4,84
2025-11-01 21:00,10.4,82
2025-11-01 22:00,11,78
2025-11-01 23:00,9.8,80
2025-11-02 0:00,9.8,85
2025-11-02 1:00,8.2,85
2025-11-02 2:00,7.5,84
2025-11-02 3:00,7.8,85
2025-11-02 4:00,7.1,84
2025-11-02 5:00,7.1,85
2025-11-02 6:00,6.4,81
2025-11-02 7:00,6.1,73
2025-11-02 8:00,6.7,71
2025-11-02 9:00,10,65
2025-11-02 10:00,13.8,55
2025-11-02 11:00,15,48
2025-11-02 12:00,15.5,48
2025-11-02 13:00,15.5,44
2025-11-02 14:00,19,41
2025-11-02 15:00,14.4,41
2025-11-02 16:00,11.3,40
2025-11-02 17:00,8.6,41
2025-11-02 18:00,6.4,45
2025-11-02 19:00,5.5,49
2025-11-02 20:00,4.7,48
2025-11-02 21:00,3.9,44
2025-11-02 22:00,3.3,47
2025-11-02 23:00,2.7,46
2025-11-03 0:00,2.2,47
2025-11-03 1:00,1.9,47
2025-11-03 2:00,1.6,49
2025-11-03 3:00,1.1,54
2025-11-03 4:00,0.9,59
2025-11-03 5:00,0.4,59
2025-11-03 6:00,0.4,68
2025-11-03 7:00,0.5,63
2025-11-03 8:00,1.4,68
2025-11-03 9:00,6.3,56
2025-11-03 10:00,12.3,48
2025-11-03 11:00,15.1,43
2025-11-03 12:00,17.2,42
2025-11-03 13:00,18.1,40
2025-11-03 14:00,19.3,38
2025-11-03 15:00,16.4,37
2025-11-03 16:00,13.2,36
2025-11-03 17:00,10.2,40
2025-11-03 18:00,7.7,46
2025-11-03 19:00,6.4,53
2025-11-03 20:00,5.5,56
2025-11-03 21:00,4.8,61
2025-11-03 22:00,4.7,65
2025-11-03 23:00,4.6,66
2025-11-04 0:00,5.2,69
2025-11-04 1:00,5,69
2025-11-04 2:00,4.7,71
2025-11-04 3:00,5,71
2025-11-04 4:00,4.3,74
2025-11-04 5:00,4.2,73
2025-11-04 6:00,4.2,75
2025-11-04 7:00,4.2,75
2025-11-04 8:00,6.9,76
2025-11-04 9:00,9.6,73
2025-11-04 10:00,14.6,61
2025-11-04 11:00,17.5,53
2025-11-04 12:00,19.7,54
2025-11-04 13:00,20.4,50
2025-11-04 14:00,20.8,48
2025-11-04 15:00,17.9,42
2025-11-04 16:00,14.8,44
2025-11-04 17:00,11.6,45
2025-11-04 18:00,9.2,48
2025-11-04 19:00,7.9,53
2025-11-04 20:00,7.1,54
2025-11-04 21:00,6.5,58
2025-11-04 22:00,6.1,62
2025-11-04 23:00,5.8,58
2025-11-05 0:00,5.5,64
2025-11-05 1:00,5.3,60
2025-11-05 2:00,5,63
2025-11-05 3:00,4.8,66
2025-11-05 4:00,4.5,69
2025-11-05 5:00,4.3,71
2025-11-05 6:00,4.1,73
2025-11-05 7:00,3.8,76
2025-11-05 8:00,5.2,78
2025-11-05 9:00,9.4,73
2025-11-05 10:00,14.8,62
2025-11-05 11:00,18.2,53
2025-11-05 12:00,20.6,48
2025-11-05 13:00,21.2,45
2025-11-05 14:00,22.1,41
2025-11-05 15:00,18.8,38
2025-11-05 16:00,16.1,40
2025-11-05 17:00,13,44
2025-11-05 18:00,10.2,50
2025-11-05 19:00,8.8,53
2025-11-05 20:00,8,60
2025-11-05 21:00,7.4,65
2025-11-05 22:00,7.1,63
2025-11-05 23:00,6.7,66
2025-11-06 0:00,6.4,67
2025-11-06 1:00,6.1,69
2025-11-06 2:00,5.9,71
2025-11-06 3:00,5.5,74
2025-11-06 4:00,5.5,77
2025-11-06 5:00,5.5,79
2025-11-06 6:00,5.2,80
2025-11-06 7:00,5.1,82
2025-11-06 8:00,6.7,83
2025-11-06 9:00,10.5,82
2025-11-06 10:00,13.9,72
2025-11-06 11:00,16.6,68
2025-11-06 12:00,20.1,59
2025-11-06 13:00,22,53
2025-11-06 14:00,22.3,51
2025-11-06 15:00,19.6,49
2025-11-06 16:00,16.3,52
2025-11-06 17:00,13.5,58
2025-11-06 18:00,10.9,62
2025-11-06 19:00,10.4,69
2025-11-06 20:00,9.7,71
2025-11-06 21:00,9.3,75
2025-11-06 22:00,9.2,78
2025-11-06 23:00,8.2,80
2025-11-07 0:00,7.3,78
2025-11-07 1:00,6.9,80
2025-11-07 2:00,6.7,82
2025-11-07 3:00,6.6,84
2025-11-07 4:00,6.9,86
2025-11-07 5:00,7.3,86
2025-11-07 6:00,7,87
2025-11-07 7:00,6.1,87
2025-11-07 8:00,8.4,90
2025-11-07 9:00,11.9,81
2025-11-07 10:00,15.7,70
2025-11-07 11:00,19.5,61
2025-11-07 12:00,20.7,56
2025-11-07 13:00,22.3,50
2025-11-07 14:00,23.1,46
2025-11-07 15:00,20.3,43
2025-11-07 16:00,17,44
2025-11-07 17:00,14.3,46
2025-11-07 18:00,11.6,54
2025-11-07 19:00,10.2,55
2025-11-07 20:00,9.7,59
2025-11-07 21:00,9.8,59
2025-11-07 22:00,9.7,60
2025-11-07 23:00,9.6,64
2025-11-08 0:00,9.1,66
2025-11-08 1:00,9.2,68
2025-11-08 2:00,9.5,68
2025-11-08 3:00,9,72
2025-11-08 4:00,9.1,73
2025-11-08 5:00,10.1,75
2025-11-08 6:00,10.5,75
2025-11-08 7:00,10.8,76
2025-11-08 8:00,11.5,75
2025-11-08 9:00,14.4,73
2025-11-08 10:00,17.1,70
2025-11-08 11:00,16.6,69
2025-11-08 12:00,19.6,65
2025-11-08 13:00,20.1,63
2025-11-08 14:00,18.8,61
2025-11-08 15:00,18.5,61
2025-11-08 16:00,16.7,61
2025-11-08 17:00,15.2,62
2025-11-08 18:00,13.7,64
2025-11-08 19:00,13.4,66
2025-11-08 20:00,12.6,69
2025-11-08 21:00,12.5,70
2025-11-08 22:00,12.4,70
2025-11-08 23:00,12.4,73
2025-11-09 0:00,10.6,75
2025-11-09 1:00,9.8,77
2025-11-09 2:00,10.2,79
2025-11-09 3:00,11.3,80
2025-11-09 4:00,11.7,79
2025-11-09 5:00,10.6,77
2025-11-09 6:00,9.3,79
2025-11-09 7:00,8.1,81
2025-11-09 8:00,9.2,83
2025-11-09 9:00,12.7,83
2025-11-09 10:00,17.1,78
2025-11-09 11:00,19.7,65
2025-11-09 12:00,21.9,52
2025-11-09 13:00,22.3,37
2025-11-09 14:00,21.1,36
2025-11-09 15:00,19.8,44
2025-11-09 16:00,16.2,51
2025-11-09 17:00,13.3,56
2025-11-09 18:00,11.3,59
2025-11-09 19:00,11.1,69
2025-11-09 20:00,10.5,71
2025-11-09 21:00,9.7,61
2025-11-09 22:00,8.8,53
2025-11-09 23:00,8.1,54
2025-11-10 0:00,7.5,55
2025-11-10 1:00,7,52
2025-11-10 2:00,6,44
2025-11-10 3:00,4.7,47
2025-11-10 4:00,3.8,46
2025-11-10 5:00,3.3,46
2025-11-10 6:00,2.9,45
2025-11-10 7:00,2.4,41
2025-11-10 8:00,3.1,39
2025-11-10 9:00,7.1,35
2025-11-10 10:00,13.1,30
2025-11-10 11:00,15.8,28
2025-11-10 12:00,17.4,27
2025-11-10 13:00,17.9,28
2025-11-10 14:00,17.9,24
2025-11-10 15:00,15.3,23
2025-11-10 16:00,11.5,26
2025-11-10 17:00,8.4,27
2025-11-10 18:00,6.3,36
2025-11-10 19:00,5.5,40
2025-11-10 20:00,4.9,43
2025-11-10 21:00,4.2,44
2025-11-10 22:00,3.7,44
2025-11-10 23:00,3.4,41
2025-11-11 0:00,2.5,44
2025-11-11 1:00,2.1,48
2025-11-11 2:00,1.9,53
2025-11-11 3:00,1.6,52
2025-11-11 4:00,1.6,53
2025-11-11 5:00,3.3,56
2025-11-11 6:00,3.5,55
2025-11-11 7:00,2.1,55
2025-11-11 8:00,2.9,54
2025-11-11 9:00,6.9,56
2025-11-11 10:00,12.9,48
2025-11-11 11:00,16.5,43
2025-11-11 12:00,19.3,41
2025-11-11 13:00,20.9,47
2025-11-11 14:00,20.3,44
2025-11-11 15:00,18.3,45
2025-11-11 16:00,13.3,46
2025-11-11 17:00,10.8,52
2025-11-11 18:00,8.7,60
2025-11-11 19:00,7.4,65
2025-11-11 20:00,6.5,71
2025-11-11 21:00,6,74
2025-11-11 22:00,5.6,75
2025-11-11 23:00,5.5,75
2025-11-12 0:00,5,78
2025-11-12 1:00,4.8,79
2025-11-12 2:00,4.8,80
2025-11-12 3:00,4.6,82
2025-11-12 4:00,3.9,83
2025-11-12 5:00,3.9,85
2025-11-12 6:00,4.7,85
2025-11-12 7:00,4,85
2025-11-12 8:00,5,83
2025-11-12 9:00,8.3,76
2025-11-12 10:00,13.3,65
2025-11-12 11:00,16.6,58
2025-11-12 12:00,19.4,53
2025-11-12 13:00,20.8,49
2025-11-12 14:00,20.6,44
2025-11-12 15:00,18.3,37
2025-11-12 16:00,14.9,40
2025-11-12 17:00,12,54
2025-11-12 18:00,9.9,60
2025-11-12 19:00,8.6,69
2025-11-12 20:00,7.3,68
2025-11-12 21:00,6.2,63
2025-11-12 22:00,5.4,70
2025-11-12 23:00,5.2,70
2025-11-13 0:00,4.6,68
2025-11-13 1:00,4.2,66
2025-11-13 2:00,4.1,69
2025-11-13 3:00,4.1,74
2025-11-13 4:00,4.1,77
2025-11-13 5:00,4.3,77
2025-11-13 6:00,7.3,82
2025-11-13 7:00,5.9,79
2025-11-13 8:00,8.2,81
2025-11-13 9:00,10.7,80
2025-11-13 10:00,13,77
2025-11-13 11:00,17.1,75
2025-11-13 12:00,20.1,68
2025-11-13 13:00,20.7,50
2025-11-13 14:00,20.5,38
2025-11-13 15:00,17.7,38
2025-11-13 16:00,14.7,36
2025-11-13 17:00,11.7,45
2025-11-13 18:00,9.5,58
2025-11-13 19:00,8.3,62
2025-11-13 20:00,7.4,63
2025-11-13 21:00,6.8,59
2025-11-13 22:00,5.8,56
2025-11-13 23:00,4.9,60
2025-11-14 0:00,4.3,64
2025-11-14 1:00,4,66
2025-11-14 2:00,3.7,68
2025-11-14 3:00,3.3,66
2025-11-14 4:00,2.6,67
2025-11-14 5:00,2.5,69
2025-11-14 6:00,2,67
2025-11-14 7:00,1.8,69
2025-11-14 8:00,2.3,68
2025-11-14 9:00,6.5,61
2025-11-14 10:00,12.3,52
2025-11-14 11:00,15.1,41
2025-11-14 12:00,17.2,34
2025-11-14 13:00,17.6,30
2025-11-14 14:00,17.9,32
2025-11-14 15:00,15.7,33
2025-11-14 16:00,12.3,32
2025-11-14 17:00,9.1,36
2025-11-14 18:00,6.8,42
2025-11-14 19:00,5.8,52
2025-11-14 20:00,5.2,58
2025-11-14 21:00,4.7,61
2025-11-14 22:00,4,65
2025-11-14 23:00,3.4,66
2025-11-15 0:00,3,66
2025-11-15 1:00,2.8,67
2025-11-15 2:00,2.4,70
2025-11-15 3:00,2.1,68
2025-11-15 4:00,1.9,68
2025-11-15 5:00,1.6,69
2025-11-15 6:00,1.7,70
2025-11-15 7:00,1.4,72
2025-11-15 8:00,2.2,74
2025-11-15 9:00,5.5,67
2025-11-15 10:00,10.9,53
2025-11-15 11:00,14.3,44
2025-11-15 12:00,17.5,39
2025-11-15 13:00,17.1,30
2025-11-15 14:00,18.2,27
2025-11-15 15:00,16.2,24
2025-11-15 16:00,13.5,22
2025-11-15 17:00,9.3,24
2025-11-15 18:00,7.8,31
2025-11-15 19:00,6.2,36
2025-11-15 20:00,5.2,40
2025-11-15 21:00,4.6,45
2025-11-15 22:00,4.1,49
2025-11-15 23:00,3.8,48
2025-11-16 0:00,3.5,49
2025-11-16 1:00,3.5,53
2025-11-16 2:00,3.2,55
2025-11-16 3:00,3.4,55
2025-11-16 4:00,3.3,56
2025-11-16 5:00,2.9,58
2025-11-16 6:00,2.6,60
2025-11-16 7:00,2.7,62
2025-11-16 8:00,3.3,62
2025-11-16 9:00,7.2,56
2025-11-16 10:00,12,48
2025-11-16 11:00,15.1,42
2025-11-16 12:00,18.8,38
2025-11-16 13:00,19.9,29
2025-11-16 14:00,19.8,28
2025-11-16 15:00,17.7,47
2025-11-16 16:00,14.4,56
2025-11-16 17:00,13.1,61
2025-11-16 18:00,12.2,70
2025-11-16 19:00,12.5,73
2025-11-16 20:00,12.4,76
2025-11-16 21:00,11.2,82
2025-11-16 22:00,11.2,84
2025-11-16 23:00,9.9,75
2025-11-17 0:00,6.5,59
2025-11-17 1:00,5.2,55
2025-11-17 2:00,4.9,52
2025-11-17 3:00,3,32
2025-11-17 4:00,2.4,35
2025-11-17 5:00,2.3,25
2025-11-17 6:00,2.9,27
2025-11-17 7:00,1.9,27
2025-11-17 8:00,2.9,30
2025-11-17 9:00,5.3,32
2025-11-17 10:00,9.2,34
2025-11-17 11:00,12.2,32
2025-11-17 12:00,11.9,28
2025-11-17 13:00,13.4,30
2025-11-17 14:00,11.1,35
2025-11-17 15:00,9.6,32
2025-11-17 16:00,6.2,34
2025-11-17 17:00,3,36
2025-11-17 18:00,1.5,43
2025-11-17 19:00,0.7,47
2025-11-17 20:00,-0.1,48
2025-11-17 21:00,-0.6,50
2025-11-17 22:00,-0.7,52
2025-11-17 23:00,-1.5,53
2025-11-18 0:00,-1.9,55
2025-11-18 1:00,-2.1,55
2025-11-18 2:00,-2.3,56
2025-11-18 3:00,-2.7,55
2025-11-18 4:00,-2.7,54
2025-11-18 5:00,-2.8,55
2025-11-18 6:00,-2.9,56
2025-11-18 7:00,-2.8,55
2025-11-18 8:00,-2.4,57
2025-11-18 9:00,0.2,49
2025-11-18 10:00,4.8,40
2025-11-18 11:00,9.5,33
2025-11-18 12:00,12.6,31
2025-11-18 13:00,13,31
2025-11-18 14:00,12.4,31
2025-11-18 15:00,10,33
2025-11-18 16:00,5.6,37
2025-11-18 17:00,3,40
2025-11-18 18:00,1,45
2025-11-18 19:00,0.4,48
2025-11-18 20:00,-0.2,53
2025-11-18 21:00,-0.1,54
2025-11-18 22:00,0.2,53
2025-11-18 23:00,-1.1,51
2025-11-19 0:00,-1.4,54
2025-11-19 1:00,-1.7,53
2025-11-19 2:00,-2.1,54
2025-11-19 3:00,-2.3,56
2025-11-19 4:00,-2.6,58
2025-11-19 5:00,-2.7,57
2025-11-19 6:00,-2.9,57
2025-11-19 7:00,-2.9,59
2025-11-19 8:00,-2.1,62
2025-11-19 9:00,0.5,59
2025-11-19 10:00,5,43
2025-11-19 11:00,10.3,33
2025-11-19 12:00,13.3,31
2025-11-19 13:00,14.1,30
2025-11-19 14:00,13.6,30
2025-11-19 15:00,10.9,30
2025-11-19 16:00,7.5,32
2025-11-19 17:00,4.1,41
2025-11-19 18:00,2,48
2025-11-19 19:00,0.8,53
2025-11-19 20:00,0.1,56
2025-11-19 21:00,-0.4,58
2025-11-19 22:00,-0.8,62
2025-11-19 23:00,-0.8,65
2025-11-20 0:00,-0.7,62
2025-11-20 1:00,-1,64
2025-11-20 2:00,1.2,65
2025-11-20 3:00,2.7,64
2025-11-20 4:00,2.9,64
2025-11-20 5:00,3.2,64
2025-11-20 6:00,3.6,64
2025-11-20 7:00,3.4,65
2025-11-20 8:00,3.9,67
2025-11-20 9:00,5.6,66
2025-11-20 10:00,10.4,61
2025-11-20 11:00,14.4,57
2025-11-20 12:00,15.9,55
2025-11-20 13:00,18.1,56
2025-11-20 14:00,17.6,59
2025-11-20 15:00,18,52
2025-11-20 16:00,14,51
2025-11-20 17:00,8.6,49
2025-11-20 18:00,6.9,63
2025-11-20 19:00,5.3,50
2025-11-20 20:00,4,37
2025-11-20 21:00,3.5,51
2025-11-20 22:00,2.6,52
2025-11-20 23:00,1.5,52
2025-11-21 0:00,0.3,55
2025-11-21 1:00,-0.4,57
2025-11-21 2:00,-0.7,59
2025-11-21 3:00,-0.9,63
2025-11-21 4:00,-1,63
2025-11-21 5:00,-1.3,66
2025-11-21 6:00,-1.2,68
2025-11-21 7:00,-1.4,70
2025-11-21 8:00,-1.1,69
2025-11-21 9:00,0.4,62
2025-11-21 10:00,6.9,49
2025-11-21 11:00,11,37
2025-11-21 12:00,14.3,32
2025-11-21 13:00,15.5,35
2025-11-21 14:00,16.7,40
2025-11-21 15:00,13.3,46
2025-11-21 16:00,12,49
2025-11-21 17:00,9.7,54
2025-11-21 18:00,9,57
2025-11-21 19:00,7.8,61
2025-11-21 20:00,8.3,63
2025-11-21 21:00,8.8,67
2025-11-21 22:00,6.7,70
2025-11-21 23:00,5.2,72
2025-11-22 0:00,4.8,73
2025-11-22 1:00,3.7,73
2025-11-22 2:00,3.1,79
2025-11-22 3:00,2.8,81
2025-11-22 4:00,3.6,82
2025-11-22 5:00,3,83
2025-11-22 6:00,2.3,84
2025-11-22 7:00,2.1,84
2025-11-22 8:00,3.7,86
2025-11-22 9:00,7.6,84
2025-11-22 10:00,9.5,78
2025-11-22 11:00,13.2,70
2025-11-22 12:00,17,56
2025-11-22 13:00,13.9,52
2025-11-22 14:00,16.5,44
2025-11-22 15:00,15,40
2025-11-22 16:00,11.9,36
2025-11-22 17:00,8.5,39
2025-11-22 18:00,6.4,46
2025-11-22 19:00,5.2,51
2025-11-22 20:00,4.5,57
2025-11-22 21:00,3.8,61
2025-11-22 22:00,4,66
2025-11-22 23:00,3.6,67
2025-11-23 0:00,5.3,70
2025-11-23 1:00,4.9,70
2025-11-23 2:00,3.5,71
2025-11-23 3:00,5,74
2025-11-23 4:00,6,74
2025-11-23 5:00,6.6,76
2025-11-23 6:00,7,74
2025-11-23 7:00,6.7,75
2025-11-23 8:00,6.1,75
2025-11-23 9:00,8.1,75
2025-11-23 10:00,11.3,72
2025-11-23 11:00,13.2,67
2025-11-23 12:00,14.5,64
2025-11-23 13:00,14.7,64
2025-11-23 14:00,16.2,61
2025-11-23 15:00,14.6,61
2025-11-23 16:00,13.4,61
2025-11-23 17:00,10.5,63
2025-11-23 18:00,9.8,66
2025-11-23 19:00,8.8,69
2025-11-23 20:00,9,70
2025-11-23 21:00,9,71
2025-11-23 22:00,9.8,74
2025-11-23 23:00,9.4,73
2025-11-24 0:00,9.1,72
2025-11-24 1:00,9.5,74
2025-11-24 2:00,9.1,75
2025-11-24 3:00,9,75
2025-11-24 4:00,8.9,76
2025-11-24 5:00,9.4,75
2025-11-24 6:00,9.5,75
2025-11-24 7:00,8.5,76
2025-11-24 8:00,7.7,79
2025-11-24 9:00,10.7,78
2025-11-24 10:00,12.6,76
2025-11-24 11:00,15.4,74
2025-11-24 12:00,16.8,72
2025-11-24 13:00,17.6,68
2025-11-24 14:00,18.8,60
2025-11-24 15:00,17.4,52
2025-11-24 16:00,13.9,41
2025-11-24 17:00,10.7,48
2025-11-24 18:00,8.7,59
2025-11-24 19:00,7.3,65
2025-11-24 20:00,7.1,75
2025-11-24 21:00,6.9,82
2025-11-24 22:00,5.8,82
2025-11-24 23:00,5.3,85
2025-11-25 0:00,5,87
2025-11-25 1:00,4.7,87
2025-11-25 2:00,4.7,90
2025-11-25 3:00,4.8,89
2025-11-25 4:00,5.4,91
2025-11-25 5:00,6.1,91
2025-11-25 6:00,7.4,93
2025-11-25 7:00,7.5,91
2025-11-25 8:00,7.7,93
2025-11-25 9:00,9.1,91
2025-11-25 10:00,9.9,89
2025-11-25 11:00,9.5,89
2025-11-25 12:00,11.6,79
2025-11-25 13:00,10.3,75
2025-11-25 14:00,9.9,72
2025-11-25 15:00,8.2,73
2025-11-25 16:00,7.6,73
2025-11-25 17:00,6.6,73
2025-11-25 18:00,6.3,76
2025-11-25 19:00,6.2,77
2025-11-25 20:00,6.2,76
2025-11-25 21:00,5.9,76
2025-11-25 22:00,5.7,77
2025-11-25 23:00,5.5,73
2025-11-26 0:00,5.4,72
2025-11-26 1:00,5.3,70
2025-11-26 2:00,5.2,71
2025-11-26 3:00,5.3,71
2025-11-26 4:00,5.3,69
2025-11-26 5:00,4.9,70
2025-11-26 6:00,2.5,71
2025-11-26 7:00,1.8,76
2025-11-26 8:00,2.1,80
2025-11-26 9:00,4.6,79
2025-11-26 10:00,8.7,65
2025-11-26 11:00,12,53
2025-11-26 12:00,14.1,52
2025-11-26 13:00,14.4,48
2025-11-26 14:00,12.1,51
2025-11-26 15:00,11.9,52
2025-11-26 16:00,8.9,52
2025-11-26 17:00,6.5,54
2025-11-26 18:00,4.7,58
2025-11-26 19:00,3.5,62
2025-11-26 20:00,3,68
2025-11-26 21:00,2.6,71
2025-11-26 22:00,3,74
2025-11-26 23:00,2.7,74
2025-11-27 0:00,2,77
2025-11-27 1:00,1.5,80
2025-11-27 2:00,2.1,80
2025-11-27 3:00,2.3,79
2025-11-27 4:00,3.9,78
2025-11-27 5:00,4.4,76
2025-11-27 6:00,4.4,75
2025-11-27 7:00,4.8,78
2025-11-27 8:00,5.2,80
2025-11-27 9:00,6.1,78
2025-11-27 10:00,6.1,84
2025-11-27 11:00,6.4,90
2025-11-27 12:00,9.2,93
2025-11-27 13:00,12.2,90
2025-11-27 14:00,8.1,86
2025-11-27 15:00,7.9,87
2025-11-27 16:00,7.5,84
2025-11-27 17:00,6.1,73
2025-11-27 18:00,4.2,70
2025-11-27 19:00,3.3,68
2025-11-27 20:00,4,70
2025-11-27 21:00,3.5,72
2025-11-27 22:00,3,67
2025-11-27 23:00,1.8,65
2025-11-28 0:00,1.4,65
2025-11-28 1:00,1.3,69
2025-11-28 2:00,0.7,68
2025-11-28 3:00,0.7,70
2025-11-28 4:00,0.5,70
2025-11-28 5:00,0.5,72
2025-11-28 6:00,0.4,71
2025-11-28 7:00,0.4,69
2025-11-28 8:00,0.1,72
2025-11-28 9:00,0.3,67
2025-11-28 10:00,0.4,60
2025-11-28 11:00,4.5,48
2025-11-28 12:00,8.4,42
2025-11-28 13:00,9.4,38
2025-11-28 14:00,9.4,35
2025-11-28 15:00,7.8,35
2025-11-28 16:00,5.6,38
2025-11-28 17:00,3.5,40
2025-11-28 18:00,1.8,45
2025-11-28 19:00,0.8,49
2025-11-28 20:00,1,54
2025-11-28 21:00,0.8,57
2025-11-28 22:00,0.6,61
2025-11-28 23:00,0.6,61
2025-11-29 0:00,0.5,64
2025-11-29 1:00,0.4,62
2025-11-29 2:00,0.2,60
2025-11-29 3:00,0,62
2025-11-29 4:00,-0.1,61
2025-11-29 5:00,-0.3,62
2025-11-29 6:00,-0.4,63
2025-11-29 7:00,-0.4,63
2025-11-29 8:00,-0.2,62
2025-11-29 9:00,0.2,59
2025-11-29 10:00,0.4,51
2025-11-29 11:00,6.2,47
2025-11-29 12:00,9.1,44
2025-11-29 13:00,9.2,44
2025-11-29 14:00,10.2,44
2025-11-29 15:00,8.9,49
2025-11-29 16:00,8,48
2025-11-29 17:00,6.9,51
2025-11-29 18:00,6.5,53
2025-11-29 19:00,6.3,55
2025-11-29 20:00,6.5,54
2025-11-29 21:00,6.7,58
2025-11-29 22:00,7.1,61
2025-11-29 23:00,7.3,68
2025-11-30 0:00,7,69
2025-11-30 1:00,6.3,70
2025-11-30 2:00,6.3,75
2025-11-30 3:00,5.7,84
2025-11-30 4:00,6.9,85
2025-11-30 5:00,7,91
2025-11-30 6:00,6.5,85
2025-11-30 7:00,7.1,89
2025-11-30 8:00,6.5,86
2025-11-30 9:00,8.7,89
2025-11-30 10:00,11.6,87
2025-11-30 11:00,13.4,79
2025-11-30 12:00,14.1,74
2025-11-30 13:00,15,67
2025-11-30 14:00,15.9,62
2025-11-30 15:00,14.3,60
2025-11-30 16:00,12.9,59
2025-11-30 17:00,10.9,65
2025-11-30 18:00,8.8,71
2025-11-30 19:00,8.5,76
2025-11-30 20:00,10.4,81
2025-11-30 21:00,9.5,84
2025-11-30 22:00,9.5,86
2025-11-30 23:00,9.8,87
2025-12-01 0:00,9.1,83
2025-12-01 1:00,8.6,81
2025-12-01 2:00,6.9,56
2025-12-01 3:00,4.8,54
2025-12-01 4:00,3.5,54
2025-12-01 5:00,2.5,52
2025-12-01 6:00,2.2,56
2025-12-01 7:00,2,68
2025-12-01 8:00,1.8,62
2025-12-01 9:00,3.2,65
2025-12-01 10:00,6.3,62
2025-12-01 11:00,8.6,58
2025-12-01 12:00,10.8,51
2025-12-01 13:00,11.6,45
2025-12-01 14:00,11.1,39
2025-12-01 15:00,9.3,32
2025-12-01 16:00,7,37
2025-12-01 17:00,4.6,37
2025-12-01 18:00,3.2,46
2025-12-01 19:00,2.3,52
2025-12-01 20:00,2,55
2025-12-01 21:00,1.8,57
2025-12-01 22:00,1.1,45
2025-12-01 23:00,0.8,43
2025-12-02 0:00,0.4,43
2025-12-02 1:00,0.9,47
2025-12-02 2:00,1,51
2025-12-02 3:00,1.3,53
2025-12-02 4:00,1.4,53
2025-12-02 5:00,0.9,54
2025-12-02 6:00,0.6,53
2025-12-02 7:00,0.3,46
2025-12-02 8:00,0,38
2025-12-02 9:00,0.3,37
2025-12-02 10:00,0.6,30
2025-12-02 11:00,5.3,27
2025-12-02 12:00,7.2,25
2025-12-02 13:00,6.7,27
2025-12-02 14:00,6.6,28
2025-12-02 15:00,5.7,30
2025-12-02 16:00,2.8,30
2025-12-02 17:00,1.2,32
2025-12-02 18:00,0.3,31
2025-12-02 19:00,-0.6,35
2025-12-02 20:00,-1.1,36
2025-12-02 21:00,-1.4,40
2025-12-02 22:00,-2,51
2025-12-02 23:00,-2.3,56
2025-12-03 0:00,-2.6,60
2025-12-03 1:00,-2.9,60
2025-12-03 2:00,-3,60
2025-12-03 3:00,-3.5,44
2025-12-03 4:00,-3.8,42
2025-12-03 5:00,-4.2,41
2025-12-03 6:00,-4.4,37
2025-12-03 7:00,-4.5,34
2025-12-03 8:00,-3.9,32
2025-12-03 9:00,-1.9,30
2025-12-03 10:00,-0.6,28
2025-12-03 11:00,0.2,29
2025-12-03 12:00,0.7,31
2025-12-03 13:00,1.1,32
2025-12-03 14:00,1.2,34
2025-12-03 15:00,0.5,37
2025-12-03 16:00,-0.6,40
2025-12-03 17:00,-1.8,45
2025-12-03 18:00,-2.4,48
2025-12-03 19:00,-2.8,50
2025-12-03 20:00,-3.2,53
2025-12-03 21:00,-3.6,53
2025-12-03 22:00,-4,53
2025-12-03 23:00,-4.4,51
2025-12-04 0:00,-4.7,51
2025-12-04 1:00,-5,50
2025-12-04 2:00,-5.2,44
2025-12-04 3:00,-5.4,41
2025-12-04 4:00,-5.4,36
2025-12-04 5:00,-5.6,38
2025-12-04 6:00,-5.8,40
2025-12-04 7:00,-5.8,44
2025-12-04 8:00,-5.6,44
2025-12-04 9:00,-4.1,46
2025-12-04 10:00,-1.2,42
2025-12-04 11:00,0.4,37
2025-12-04 12:00,1.6,30
2025-12-04 13:00,2.5,26
2025-12-04 14:00,3.6,23
2025-12-04 15:00,1.3,26
2025-12-04 16:00,0.9,31
2025-12-04 17:00,0.4,45
2025-12-04 18:00,0.4,65
2025-12-04 19:00,0.2,85
2025-12-04 20:00,0.3,87
2025-12-04 21:00,0.3,79
2025-12-04 22:00,0.2,76
2025-12-04 23:00,0.2,73
2025-12-05 0:00,0.1,70
2025-12-05 1:00,0.1,66
2025-12-05 2:00,0,66
2025-12-05 3:00,0.1,65
2025-12-05 4:00,0,63
2025-12-05 5:00,0,63
2025-12-05 6:00,-0.1,66
2025-12-05 7:00,-0.2,68
2025-12-05 8:00,-0.2,64
2025-12-05 9:00,-0.2,60
2025-12-05 10:00,0.1,54
2025-12-05 11:00,0.2,47
2025-12-05 12:00,0.3,43
2025-12-05 13:00,0.3,39
2025-12-05 14:00,0.3,38
2025-12-05 15:00,0.3,35
2025-12-05 16:00,0.3,37
2025-12-05 17:00,0.2,41
2025-12-05 18:00,0.1,42
2025-12-05 19:00,0.1,53
2025-12-05 20:00,0.1,54
2025-12-05 21:00,0,55
2025-12-05 22:00,0.2,61
2025-12-05 23:00,0.1,62
2025-12-06 0:00,0.2,63
2025-12-06 1:00,0.2,65
2025-12-06 2:00,0.3,63
2025-12-06 3:00,0.3,62
2025-12-06 4:00,0.3,61
2025-12-06 5:00,0.3,61
2025-12-06 6:00,0.3,63
2025-12-06 7:00,0.3,65
2025-12-06 8:00,0.2,64
2025-12-06 9:00,0.3,64
2025-12-06 10:00,0.4,61
2025-12-06 11:00,0.4,59
2025-12-06 12:00,0.4,60
2025-12-06 13:00,0.4,62
2025-12-06 14:00,0.4,63
2025-12-06 15:00,0.4,63
2025-12-06 16:00,0.4,67
2025-12-06 17:00,0.6,83
2025-12-06 18:00,0.7,82
2025-12-06 19:00,0.7,83
2025-12-06 20:00,0.7,84
2025-12-06 21:00,0.8,86
2025-12-06 22:00,0.8,85
2025-12-06 23:00,0.7,86
2025-12-07 0:00,0.8,87
2025-12-07 1:00,0.7,92
2025-12-07 2:00,0.7,93
2025-12-07 3:00,0.7,90
2025-12-07 4:00,0.6,91
2025-12-07 5:00,0.6,90
2025-12-07 6:00,0.5,90
2025-12-07 7:00,0.4,92
2025-12-07 8:00,0.3,93
2025-12-07 9:00,0.3,94
2025-12-07 10:00,0.3,92
2025-12-07 11:00,1.8,84
2025-12-07 12:00,9,65
2025-12-07 13:00,11.2,58
2025-12-07 14:00,11.3,54
2025-12-07 15:00,10.2,63
2025-12-07 16:00,9.1,70
2025-12-07 17:00,7.6,69
2025-12-07 18:00,6.7,73
2025-12-07 19:00,6.2,79
2025-12-07 20:00,6.4,80
2025-12-07 21:00,5.6,83
2025-12-07 22:00,4.6,83
2025-12-07 23:00,3.6,73
2025-12-08 0:00,2.7,61
2025-12-08 1:00,1.5,52
2025-12-08 2:00,0.5,54
2025-12-08 3:00,0.9,56
2025-12-08 4:00,0.7,59
2025-12-08 5:00,0.5,58
2025-12-08 6:00,-0.1,59
2025-12-08 7:00,-0.7,58
2025-12-08 8:00,-0.9,60
2025-12-08 9:00,-0.3,56
2025-12-08 10:00,0.3,49
2025-12-08 11:00,2,44
2025-12-08 12:00,6.4,39
2025-12-08 13:00,8,38
2025-12-08 14:00,8.1,35
2025-12-08 15:00,6.2,32
2025-12-08 16:00,4,32
2025-12-08 17:00,1.6,31
2025-12-08 18:00,1.3,34
2025-12-08 19:00,0.8,39
2025-12-08 20:00,0.3,43
2025-12-08 21:00,-0.4,45
2025-12-08 22:00,-0.8,39
2025-12-08 23:00,-1.1,38
2025-12-09 0:00,-1.3,42
2025-12-09 1:00,-1.5,46
2025-12-09 2:00,-1.7,52
2025-12-09 3:00,-1.8,52
2025-12-09 4:00,-1.9,57
2025-12-09 5:00,-2,60
2025-12-09 6:00,-2.1,63
2025-12-09 7:00,-2.2,66
2025-12-09 8:00,-2,67
2025-12-09 9:00,-0.3,64
2025-12-09 10:00,0.2,53
2025-12-09 11:00,1.3,49
2025-12-09 12:00,3.1,47
2025-12-09 13:00,4.2,48
2025-12-09 14:00,6.7,45
2025-12-09 15:00,7.2,49
2025-12-09 16:00,4.9,51
2025-12-09 17:00,2.8,55
2025-12-09 18:00,2,58
2025-12-09 19:00,0.4,59
2025-12-09 20:00,0.9,62
2025-12-09 21:00,0.8,67
2025-12-09 22:00,0.6,69
2025-12-09 23:00,0.4,71
2025-12-10 0:00,0.1,72
2025-12-10 1:00,-0.2,76
2025-12-10 2:00,-0.4,78
2025-12-10 3:00,0.1,79
2025-12-10 4:00,-0.4,80
2025-12-10 5:00,-0.6,82
2025-12-10 6:00,-0.7,84
2025-12-10 7:00,-0.6,85
2025-12-10 8:00,-0.4,85
2025-12-10 9:00,0.3,80
2025-12-10 10:00,0.4,74
2025-12-10 11:00,1.7,69
2025-12-10 12:00,7,66
2025-12-10 13:00,9.1,64
2025-12-10 14:00,10.3,62
2025-12-10 15:00,9.2,60
2025-12-10 16:00,7.2,60
2025-12-10 17:00,5.6,61
2025-12-10 18:00,5.2,64
2025-12-10 19:00,5,64
2025-12-10 20:00,4.1,68
2025-12-10 21:00,3.9,73
2025-12-10 22:00,1.8,74
2025-12-10 23:00,1.1,77
2025-12-11 0:00,1,79
2025-12-11 1:00,2.6,80
2025-12-11 2:00,3.4,78
2025-12-11 3:00,3.9,85
2025-12-11 4:00,4.1,91
2025-12-11 5:00,4.4,92
2025-12-11 6:00,4.4,94
2025-12-11 7:00,4.5,93
2025-12-11 8:00,4.8,93
2025-12-11 9:00,5.9,93
2025-12-11 10:00,7.5,94
2025-12-11 11:00,8.2,90
2025-12-11 12:00,9,82
2025-12-11 13:00,9.1,69
2025-12-11 14:00,9.6,59
2025-12-11 15:00,7.1,44
2025-12-11 16:00,4.5,46
2025-12-11 17:00,1.7,45
2025-12-11 18:00,0,50
2025-12-11 19:00,0.5,48
2025-12-11 20:00,0.3,48
2025-12-11 21:00,-0.1,48
2025-12-11 22:00,-0.7,50
2025-12-11 23:00,-1,49
2025-12-12 0:00,-1.1,50
2025-12-12 1:00,-1.3,53
2025-12-12 2:00,-1.3,54
2025-12-12 3:00,-1.4,57
2025-12-12 4:00,-1.3,59
2025-12-12 5:00,-1.4,61
2025-12-12 6:00,-1.4,61
2025-12-12 7:00,-1.6,61
2025-12-12 8:00,-1.5,64
2025-12-12 9:00,-0.6,64
2025-12-12 10:00,0.3,56
2025-12-12 11:00,0.4,51
2025-12-12 12:00,1.9,49
2025-12-12 13:00,3.4,47
2025-12-12 14:00,5,46
2025-12-12 15:00,5.4,47
2025-12-12 16:00,4.6,49
2025-12-12 17:00,3,51
2025-12-12 18:00,1.6,52
2025-12-12 19:00,1.3,54
2025-12-12 20:00,1.1,57
2025-12-12 21:00,1.2,58
2025-12-12 22:00,1.4,58
2025-12-12 23:00,0.5,59
2025-12-13 0:00,-0.3,62
2025-12-13 1:00,0.5,63
2025-12-13 2:00,0.5,64
2025-12-13 3:00,1.4,64
2025-12-13 4:00,1.6,65
2025-12-13 5:00,1.5,66
2025-12-13 6:00,1.7,67
2025-12-13 7:00,2.1,68
2025-12-13 8:00,2.4,68
2025-12-13 9:00,3.3,69
2025-12-13 10:00,4.5,83
2025-12-13 11:00,5.3,86
2025-12-13 12:00,5.1,87
2025-12-13 13:00,4.9,88
2025-12-13 14:00,4.9,89
2025-12-13 15:00,4.8,89
2025-12-13 16:00,3.7,90
2025-12-13 17:00,1.2,91
2025-12-13 18:00,1.8,93
2025-12-13 19:00,1,93
2025-12-13 20:00,0.5,93
2025-12-13 21:00,0.6,93
2025-12-13 22:00,0.8,89
2025-12-13 23:00,0.5,88
2025-12-14 0:00,0.5,90
2025-12-14 1:00,0.5,89
2025-12-14 2:00,0.5,90
2025-12-14 3:00,0.5,89
2025-12-14 4:00,0.5,89
2025-12-14 5:00,0.5,88
2025-12-14 6:00,0.5,86
2025-12-14 7:00,0.5,87
2025-12-14 8:00,0.5,83
2025-12-14 9:00,0.5,80
2025-12-14 10:00,0.5,78
2025-12-14 11:00,0.5,74
2025-12-14 12:00,2.8,72
2025-12-14 13:00,5.7,70
2025-12-14 14:00,4,67
2025-12-14 15:00,4.4,64
2025-12-14 16:00,4.9,62
2025-12-14 17:00,1.3,66
2025-12-14 18:00,0.7,71
2025-12-14 19:00,0.6,76
2025-12-14 20:00,0.5,72
2025-12-14 21:00,0.1,75
2025-12-14 22:00,-0.3,77
2025-12-14 23:00,-0.7,73
2025-12-15 0:00,-0.9,75
2025-12-15 1:00,-1,80
2025-12-15 2:00,-1,81
2025-12-15 3:00,-1.2,81
2025-12-15 4:00,-1.3,85
2025-12-15 5:00,-1.4,86
2025-12-15 6:00,-1.5,87
2025-12-15 7:00,-1.7,88
2025-12-15 8:00,-1.5,90
2025-12-15 9:00,-0.5,90
2025-12-15 10:00,0.2,78
2025-12-15 11:00,0.3,70
2025-12-15 12:00,1.7,65
2025-12-15 13:00,2.6,60
2025-12-15 14:00,2.7,61
2025-12-15 15:00,3.6,61
2025-12-15 16:00,3.3,62
2025-12-15 17:00,0.8,63
2025-12-15 18:00,0.6,69
2025-12-15 19:00,0.5,74
2025-12-15 20:00,0.5,77
2025-12-15 21:00,0.5,79
2025-12-15 22:00,0.5,80
2025-12-15 23:00,0.4,79
2025-12-16 0:00,0.4,79
2025-12-16 1:00,0.4,78
2025-12-16 2:00,0.4,79
2025-12-16 3:00,0.4,79
2025-12-16 4:00,0.4,79
2025-12-16 5:00,0.5,79
2025-12-16 6:00,0.5,78
2025-12-16 7:00,1.2,78
2025-12-16 8:00,2,78
2025-12-16 9:00,2.5,80
2025-12-16 10:00,2.9,83
2025-12-16 11:00,3.7,89
2025-12-16 12:00,3.9,92
2025-12-16 13:00,4.1,94
2025-12-16 14:00,4.7,93
2025-12-16 15:00,4.2,95
2025-12-16 16:00,4.2,95
2025-12-16 17:00,4.1,95
2025-12-16 18:00,4,95
2025-12-16 19:00,3.6,94
2025-12-16 20:00,3.5,94
2025-12-16 21:00,4,94
2025-12-16 22:00,4.1,94
2025-12-16 23:00,4.2,94
2025-12-17 0:00,4.3,95
2025-12-17 1:00,4.4,95
2025-12-17 2:00,4.5,95
2025-12-17 3:00,4.4,93
2025-12-17 4:00,4.3,93
2025-12-17 5:00,4.2,92
2025-12-17 6:00,3,90
2025-12-17 7:00,3.1,90
2025-12-17 8:00,2,89
2025-12-17 9:00,3.4,87
2025-12-17 10:00,4.6,83
2025-12-17 11:00,7,79
2025-12-17 12:00,8.4,71
2025-12-17 13:00,9.8,62
2025-12-17 14:00,8.7,57
2025-12-17 15:00,7.5,58
2025-12-17 16:00,5.5,56
2025-12-17 17:00,3,56
2025-12-17 18:00,1.2,57
2025-12-17 19:00,0.3,58
2025-12-17 20:00,0.6,62
2025-12-17 21:00,0.5,65
2025-12-17 22:00,0.5,65
2025-12-17 23:00,0.3,63
2025-12-18 0:00,0,61
2025-12-18 1:00,-0.4,59
2025-12-18 2:00,-0.7,57
2025-12-18 3:00,-1.1,60
2025-12-18 4:00,-1.3,61
2025-12-18 5:00,-1.4,62
2025-12-18 6:00,-1.6,68
2025-12-18 7:00,-1.6,72
2025-12-18 8:00,-1.5,74
2025-12-18 9:00,-0.7,76
2025-12-18 10:00,0.2,71
2025-12-18 11:00,0.2,55
2025-12-18 12:00,1.3,49
2025-12-18 13:00,3.7,45
2025-12-18 14:00,6.1,42
2025-12-18 15:00,5,39
2025-12-18 16:00,3.5,42
2025-12-18 17:00,1.4,49
2025-12-18 18:00,0.5,54
2025-12-18 19:00,0.6,57
2025-12-18 20:00,0.6,64
2025-12-18 21:00,0.5,67
2025-12-18 22:00,0.3,71
2025-12-18 23:00,0.1,69
2025-12-19 0:00,-0.2,72
2025-12-19 1:00,-0.6,73
2025-12-19 2:00,-0.8,74
2025-12-19 3:00,-0.9,73
2025-12-19 4:00,-1,78
2025-12-19 5:00,-1.1,81
2025-12-19 6:00,-1.2,80
2025-12-19 7:00,-0.6,78
2025-12-19 8:00,0.2,74
2025-12-19 9:00,0.3,70
2025-12-19 10:00,0.3,66
2025-12-19 11:00,0.3,62
2025-12-19 12:00,1.5,57
2025-12-19 13:00,6.4,53
2025-12-19 14:00,8.8,51
2025-12-19 15:00,8.7,53
2025-12-19 16:00,6,52
2025-12-19 17:00,3.7,55
2025-12-19 18:00,2.2,62
2025-12-19 19:00,1.4,64
2025-12-19 20:00,2.3,68
2025-12-19 21:00,3.7,67
2025-12-19 22:00,3.9,68
2025-12-19 23:00,4.5,70
2025-12-20 0:00,4.8,70
2025-12-20 1:00,5.1,69
2025-12-20 2:00,5.2,70
2025-12-20 3:00,5.3,73
2025-12-20 4:00,5.1,75
2025-12-20 5:00,5.5,75
2025-12-20 6:00,5.9,76
2025-12-20 7:00,6.2,82
2025-12-20 8:00,6.4,84
2025-12-20 9:00,6.8,83
2025-12-20 10:00,7,82
2025-12-20 11:00,7.6,84
2025-12-20 12:00,8.2,90
2025-12-20 13:00,9.6,91
2025-12-20 14:00,8.9,88
2025-12-20 15:00,7.9,85
2025-12-20 16:00,7.5,86
2025-12-20 17:00,6.9,83
2025-12-20 18:00,4.8,77
2025-12-20 19:00,3.4,74
2025-12-20 20:00,3,65
2025-12-20 21:00,1.6,57
2025-12-20 22:00,0.5,50
2025-12-20 23:00,0.6,53
2025-12-21 0:00,0.5,52
2025-12-21 1:00,0.2,49
2025-12-21 2:00,-0.7,45
2025-12-21 3:00,-1,45
2025-12-21 4:00,-1.5,48
2025-12-21 5:00,-2,47
2025-12-21 6:00,-2,44
2025-12-21 7:00,-2.5,44
2025-12-21 8:00,-2.4,44
2025-12-21 9:00,-2.2,44
2025-12-21 10:00,-0.6,42
2025-12-21 11:00,0.2,39
2025-12-21 12:00,0.3,36
2025-12-21 13:00,1.2,34
2025-12-21 14:00,2.4,31
2025-12-21 15:00,1.7,32
2025-12-21 16:00,0.6,33
2025-12-21 17:00,0.5,38
2025-12-21 18:00,-0.6,39
2025-12-21 19:00,-1.6,43
2025-12-21 20:00,-2.2,43
2025-12-21 21:00,-2.5,43
2025-12-21 22:00,-2.8,47
2025-12-21 23:00,-3.2,52
2025-12-22 0:00,-3.3,53
2025-12-22 1:00,-3.6,54
2025-12-22 2:00,-3.8,53
2025-12-22 3:00,-4.1,55
2025-12-22 4:00,-4.2,57
2025-12-22 5:00,-4.4,60
2025-12-22 6:00,-4.6,62
2025-12-22 7:00,-4.7,62
2025-12-22 8:00,-4.6,63
2025-12-22 9:00,-3.5,60
2025-12-22 10:00,-1,50
2025-12-22 11:00,0.2,43
2025-12-22 12:00,0.5,35
2025-12-22 13:00,1.9,33
2025-12-22 14:00,2.5,31
2025-12-22 15:00,1.1,26
2025-12-22 16:00,0.3,23
2025-12-22 17:00,0.5,26
2025-12-22 18:00,-0.1,29
2025-12-22 19:00,-1.1,37
2025-12-22 20:00,-1.5,38
2025-12-22 21:00,-1,41
2025-12-22 22:00,-1.7,45
2025-12-22 23:00,-1.6,50
2025-12-23 0:00,-0.7,50
2025-12-23 1:00,-1.1,47
2025-12-23 2:00,-1.9,45
2025-12-23 3:00,-1.8,46
2025-12-23 4:00,-0.9,47
2025-12-23 5:00,-1.8,46
2025-12-23 6:00,-0.7,48
2025-12-23 7:00,-0.3,48
2025-12-23 8:00,-0.1,49
2025-12-23 9:00,0.1,48
2025-12-23 10:00,0.3,49
2025-12-23 11:00,0.3,50
2025-12-23 12:00,0.4,55
2025-12-23 13:00,1,65
2025-12-23 14:00,0.8,84
2025-12-23 15:00,0.9,89
2025-12-23 16:00,0.8,91
2025-12-23 17:00,0.7,93
2025-12-23 18:00,0.7,94
2025-12-23 19:00,0.7,94
2025-12-23 20:00,0.7,94
2025-12-23 21:00,0.8,94
2025-12-23 22:00,0.7,92
2025-12-23 23:00,0.7,92
2025-12-24 0:00,0.9,93
2025-12-24 1:00,1,93
2025-12-24 2:00,1,93
2025-12-24 3:00,0.8,94
2025-12-24 4:00,1.2,92
2025-12-24 5:00,1.3,93
2025-12-24 6:00,1.3,92
2025-12-24 7:00,1.3,92
2025-12-24 8:00,1.1,90
2025-12-24 9:00,2.2,87
2025-12-24 10:00,3.7,80
2025-12-24 11:00,5.8,78
2025-12-24 12:00,7.2,72
2025-12-24 13:00,8.7,66
2025-12-24 14:00,7.9,63
2025-12-24 15:00,6.4,59
2025-12-24 16:00,4.2,57
2025-12-24 17:00,1.8,59
2025-12-24 18:00,0.1,64
2025-12-24 19:00,0.6,68
2025-12-24 20:00,0.5,73
2025-12-24 21:00,0.4,78
2025-12-24 22:00,0.1,81
2025-12-24 23:00,-0.3,83
2025-12-25 0:00,-0.5,86
2025-12-25 1:00,-0.5,84
2025-12-25 2:00,-1,82
2025-12-25 3:00,-1.2,85
2025-12-25 4:00,-1.4,85
2025-12-25 5:00,-1.6,84
2025-12-25 6:00,-1.8,73
2025-12-25 7:00,-2.2,64
2025-12-25 8:00,-2.3,59
2025-12-25 9:00,-1.6,59
2025-12-25 10:00,-0.4,53
2025-12-25 11:00,0.2,49
2025-12-25 12:00,0.3,46
2025-12-25 13:00,0.8,44
2025-12-25 14:00,1.1,43
2025-12-25 15:00,0.3,39
2025-12-25 16:00,0.3,41
2025-12-25 17:00,-1.2,42
2025-12-25 18:00,-2.4,37
2025-12-25 19:00,-2.8,43
2025-12-25 20:00,-3.4,47
2025-12-25 21:00,-3.6,47
2025-12-25 22:00,-4.1,50
2025-12-25 23:00,-4.6,51
2025-12-26 0:00,-5.2,47
2025-12-26 1:00,-5.7,48
2025-12-26 2:00,-6.1,47
2025-12-26 3:00,-6.5,46
2025-12-26 4:00,-6.6,48
2025-12-26 5:00,-7.1,47
2025-12-26 6:00,-7.1,48
2025-12-26 7:00,-7.4,48
2025-12-26 8:00,-7.3,48
2025-12-26 9:00,-6.7,45
2025-12-26 10:00,-4,41
2025-12-26 11:00,-1.6,38
2025-12-26 12:00,-0.3,35
2025-12-26 13:00,0.2,33
2025-12-26 14:00,0.1,31
2025-12-26 15:00,-0.2,30
2025-12-26 16:00,-1.5,30
2025-12-26 17:00,-3,31
2025-12-26 18:00,-3.9,34
2025-12-26 19:00,-4.8,34
2025-12-26 20:00,-5.4,37
2025-12-26 21:00,-5.7,37
2025-12-26 22:00,-5.9,38
2025-12-26 23:00,-5.9,39
2025-12-27 0:00,-5.9,36
2025-12-27 1:00,-4.3,39
2025-12-27 2:00,-3.7,41
2025-12-27 3:00,-3.3,44
2025-12-27 4:00,-3.3,41
2025-12-27 5:00,-4.2,44
2025-12-27 6:00,-4,41
2025-12-27 7:00,-3.7,41
2025-12-27 8:00,-4,43
2025-12-27 9:00,-3.5,46
2025-12-27 10:00,-1.1,46
2025-12-27 11:00,0.1,48
2025-12-27 12:00,0.4,49
2025-12-27 13:00,0.7,50
2025-12-27 14:00,0.5,51
2025-12-27 15:00,0.7,52
2025-12-27 16:00,0.4,53
2025-12-27 17:00,0.4,55
2025-12-27 18:00,0.3,58
2025-12-27 19:00,-0.2,59
2025-12-27 20:00,-1,60
2025-12-27 21:00,-0.6,61
2025-12-27 22:00,-0.7,61
2025-12-27 23:00,-0.5,64
2025-12-28 0:00,-0.4,66
2025-12-28 1:00,-0.3,68
2025-12-28 2:00,-0.4,70
2025-12-28 3:00,-0.3,73
2025-12-28 4:00,-0.3,74
2025-12-28 5:00,-0.4,75
2025-12-28 6:00,-0.5,76
2025-12-28 7:00,-0.8,77
2025-12-28 8:00,-0.5,78
2025-12-28 9:00,0.2,78
2025-12-28 10:00,0.4,77
2025-12-28 11:00,2.3,75
2025-12-28 12:00,3.2,76
2025-12-28 13:00,3.4,74
2025-12-28 14:00,4.7,73
2025-12-28 15:00,3.4,69
2025-12-28 16:00,1.9,68
2025-12-28 17:00,1.1,70
2025-12-28 18:00,0.3,72
2025-12-28 19:00,0.4,75
2025-12-28 20:00,0.7,79
2025-12-28 21:00,1.1,80
2025-12-28 22:00,1.1,86
2025-12-28 23:00,1.2,89
2025-12-29 0:00,0.3,87
2025-12-29 1:00,0.4,89
2025-12-29 2:00,0.3,89
2025-12-29 3:00,0.3,90
2025-12-29 4:00,0.4,91
2025-12-29 5:00,0.4,90
2025-12-29 6:00,0.4,94
2025-12-29 7:00,1.4,94
2025-12-29 8:00,0.3,92
2025-12-29 9:00,0.4,92
2025-12-29 10:00,3.4,93
2025-12-29 11:00,5.9,84
2025-12-29 12:00,7.3,74
2025-12-29 13:00,7.1,73
2025-12-29 14:00,7.2,68
2025-12-29 15:00,5.9,61
2025-12-29 16:00,3.9,60
2025-12-29 17:00,1.1,59
2025-12-29 18:00,0.4,67
2025-12-29 19:00,0.4,73
2025-12-29 20:00,0.4,69
2025-12-29 21:00,0.3,58
2025-12-29 22:00,-0.5,48
2025-12-29 23:00,-1.1,54
2025-12-30 0:00,-1.3,57
2025-12-30 1:00,-1.5,59
2025-12-30 2:00,-1.7,62
2025-12-30 3:00,-1.9,63
2025-12-30 4:00,-2.1,61
2025-12-30 5:00,-2.4,61
2025-12-30 6:00,-2.5,60
2025-12-30 7:00,-2.6,63
2025-12-30 8:00,-2.6,64
2025-12-30 9:00,-2,61
2025-12-30 10:00,-0.4,44
2025-12-30 11:00,0.2,33
2025-12-30 12:00,0.3,26
2025-12-30 13:00,1.3,26
2025-12-30 14:00,1.5,27
2025-12-30 15:00,1.1,28
2025-12-30 16:00,0.4,29
2025-12-30 17:00,0.3,32
2025-12-30 18:00,-0.4,37
2025-12-30 19:00,-1,38
2025-12-30 20:00,-1.3,44
2025-12-30 21:00,-1,46
2025-12-30 22:00,-1.2,46
2025-12-30 23:00,-0.8,44
2025-12-31 0:00,-0.9,40
